LUCAS_ID,Container.ID,X_LAEA,Y_LAEA,PA,LC,Specific,Broad,Ours,Bas,MIRR,Cmic,qO2,H2O_FW,Xylosidase,Cellulase,beta.glucosidase,N.actylglucosaminidase,Acid.phosphatase,MWD,WSA
27162028,324,2716000,2028000,TRUE,Olive groves,Other permanent crops,Cropland,Agriculture,0.672559853,25.5267035,679.0103131,0.0009905,9.830621056,131.68,41.36,547.52,189.45,313.99,2.180097973,96.77419355
27781794,62,2778000,1794000,FALSE,Grassland without tree/shrub cover,Grassland without tree/shrub cover,Grassland,Grassland,0,12.51022581,332.7720065,0,1.457677654,101.39,94.9,650.72,400.89,422.07,1.458854898,58.33333333
27982170,529,2798000,2170000,FALSE,Floriculture and ornamental plants,"Dry pulses, vegetables, and flowers",Cropland,Agriculture,1.55985717,17.88636221,475.7772349,0.003278545,10.90087073,97.86,57.61,522.14,149.44,958.03,1.122381041,30
28102114,714,2810000,2114000,FALSE,Pine dominated coniferous woodland,Coniferous woodland,Woodland,Forest,0.369015048,3.311673507,88.09051528,0.004189044,2.98606503,36.39,7.15,101.32,74.54,487.12,1.45787931,33.33333333
28282190,524,2828000,2190000,TRUE,Grassland with sparse tree/shrub cover,Grassland with sparse tree/shrub cover,Grassland,Grassland,1.398137138,11.95270181,317.9418681,0.004397462,15.94202899,99.31,51.88,411.69,153.22,923.08,1.268095142,65
28522106,408,2852000,2106000,TRUE,Broadleaved woodland,Broadleaved woodland,Woodland,Forest,2.717001056,24.89123548,662.1068638,0.004103569,21.54101077,72.65,44.47,422,277.99,1024.17,0.482816327,16.21621622
28542018,625,2854000,2018000,TRUE,Broadleaved woodland,Broadleaved woodland,Woodland,Forest,0.828205555,4.969233328,132.1816065,0.006265664,0.248838752,26.97,15.79,193.27,123.66,233.24,1.668287024,26.66666667
28602222,549,2860000,2222000,FALSE,Grassland with sparse tree/shrub cover,Grassland with sparse tree/shrub cover,Grassland,Grassland,0.460723297,4.979534623,132.455621,0.003478322,2.284681131,31.86,19.95,160.54,97.47,332.91,1.193621101,40
29281750,591,2928000,1750000,FALSE,Barley,Cereals,Cropland,Agriculture,0,14.31602837,380.8063546,0,3.100775194,26.8,28.74,381.23,69.52,149.9,1.892093511,37.83783784
29281840,340,2928000,1840000,TRUE,Oats,Cereals,Cropland,Agriculture,0,11.65359254,309.9855616,0,2.849569251,19.98,17.34,211.55,63.13,110.9,1.498666667,63.63636364
29302338,139,2930000,2338000,TRUE,Grassland without tree/shrub cover,Grassland without tree/shrub cover,Grassland,Grassland,2.503568962,19.11121345,508.3582777,0.004924812,28.69807913,100.93,61.13,536.15,172.25,940.1,1.6177,88.23529412
29461660,44,2946000,1660000,TRUE,Grassland with sparse tree/shrub cover,Grassland with sparse tree/shrub cover,Grassland,Grassland,3.644265233,41.15292712,1094.667861,0.003329106,26.25144556,96.99,105.55,773.36,283.93,585.49,1.990370968,88.23529412
29901692,345,2990000,1692000,FALSE,Olive groves,Other permanent crops,Cropland,Agriculture,0.379328529,6.22487842,165.581766,0.002290883,5.811258278,38.01,12.26,196.42,23.5,61.76,1.236505222,30.76923077
30002386,71,3000000,2386000,FALSE,Grassland without tree/shrub cover,Grassland without tree/shrub cover,Grassland,Grassland,4.200891862,40.21999257,1069.851802,0.003926611,25.36195706,85.38,96.2,999.6,416.08,1000.43,1.452863184,76.47058824
30061684,338,3006000,1684000,TRUE,Oats,Cereals,Cropland,Agriculture,0.170857227,19.52654021,519.4059697,0.000328947,3.257467994,120.7,51.86,490.67,80.88,93.29,1.529427835,58.06451613
30182092,469,3018000,2092000,FALSE,Broadleaved woodland,Broadleaved woodland,Woodland,Forest,0,4.394502647,116.8937704,0,0.771294433,49.05,21.08,279.01,136.04,301.98,1.274020619,50
30562338,127,3056000,2338000,TRUE,Grassland with sparse tree/shrub cover,Grassland with sparse tree/shrub cover,Grassland,Grassland,1.04534005,6.540076213,173.9660273,0.006008875,14.02632017,43.44,41.39,380.49,246.16,474.12,1.885845972,80
30902056,647,3090000,2056000,TRUE,Grassland without tree/shrub cover,Grassland without tree/shrub cover,Grassland,Grassland,0.929851775,16.68964725,443.9446168,0.002094522,3.701244813,33.52,27.47,407.88,136.6,383.27,0.820070776,58.33333333
30922224,413,3092000,2224000,TRUE,Barley,Cereals,Cropland,Agriculture,0.859375,12.65625,336.65625,0.002552678,11.33366717,28.82,58.59,549.77,127.91,255.57,1.877658635,41.66666667
30962066,351,3096000,2066000,FALSE,Grassland without tree/shrub cover,Grassland without tree/shrub cover,Grassland,Grassland,2.476072094,14.15717147,376.580761,0.006575142,20.45154911,178.9,50.6,455.37,427.77,1174.04,1.043444206,84.21052632
30982262,525,3098000,2262000,FALSE,Other leguminous and mixtures for fodder,Fodder crops,Cropland,Agriculture,0.311083348,7.011719912,186.5117497,0.001667902,7.019581812,39.84,33.04,310.72,77.71,122.59,2.048968293,27.77777778
31063480,336,3106000,3480000,FALSE,Grassland without tree/shrub cover,Grassland without tree/shrub cover,Grassland,Grassland,0.501510574,7.719329424,205.3341627,0.002442412,5.093607691,64.44,29.75,183.25,82.24,489.9,0.605251852,76.19047619
31122070,301,3112000,2070000,TRUE,Grassland without tree/shrub cover,Grassland without tree/shrub cover,Grassland,Grassland,0.803617099,6.823164048,181.4961637,0.004427736,9.235615984,112.03,34.86,369.52,253.17,739.6,1.289148837,62.5
31122376,84,3112000,2376000,FALSE,Grassland with sparse tree/shrub cover,Grassland with sparse tree/shrub cover,Grassland,Grassland,6.940141932,28.1703178,749.3304536,0.009261791,46.14489864,702.39,36.81,429.99,303.79,4393.53,1.164309322,65.71428571
31141720,561,3114000,1720000,FALSE,Pine dominated coniferous woodland,Coniferous woodland,Woodland,Forest,0.314054054,19.74054054,525.0983784,0.000598086,8.415841584,24.81,22.4,342.1,132.84,320.83,2.199375,100
31162082,307,3116000,2082000,TRUE,Spontaneously re-vegetated surfaces,Spontaneously re-vegetated surfaces,Grassland,Grassland,1.458771353,4.180902322,111.2120018,0.013117032,13.16502639,44.31,23.06,266.87,101.19,226.33,1.747469052,54.54545455
31222070,706,3122000,2070000,TRUE,Broadleaved woodland,Broadleaved woodland,Woodland,Forest,0.542203885,15.83806086,421.2924188,0.001287001,3.628230616,162.55,101.75,631.12,279.51,788.37,1.103635227,53.33333333
31322314,114,3132000,2314000,TRUE,Grassland with sparse tree/shrub cover,Grassland with sparse tree/shrub cover,Grassland,Grassland,0.51207474,32.77278336,871.7560374,0.000587406,5.92039801,125.1,104.7,883.07,366.83,1113.87,1.45790625,75
31441666,627,3144000,1666000,TRUE,Pine dominated coniferous woodland,Coniferous woodland,Woodland,Forest,0.593361702,8.900425532,236.7513191,0.002506266,2.618929223,45.02,30.16,406.82,381.2,540.74,1.257342417,17.64705882
31542332,33,3154000,2332000,TRUE,Broadleaved woodland,Broadleaved woodland,Woodland,Forest,3.046626984,17.07208995,454.1175926,0.006708894,28.57142857,98.73,29.09,355.31,148.51,1494.8,2.069612595,81.25
31721688,174,3172000,1688000,TRUE,Grassland with sparse tree/shrub cover,Grassland with sparse tree/shrub cover,Grassland,Grassland,1.392067877,23.52867666,625.8627993,0.002224238,16.6858458,65.38,46.2,556.05,106.73,263.57,1.922668478,42.85714286
31722110,688,3172000,2110000,TRUE,Broadleaved woodland,Broadleaved woodland,Woodland,Forest,0.500088605,32.50575935,864.6531987,0.000578369,6.262458472,177.89,233.22,1228.95,391.36,1152.13,1.998108407,94.28571429
31783686,832,3178000,3686000,TRUE,Grassland without tree/shrub cover,Grassland without tree/shrub cover,Grassland,Grassland,0.826022853,6.322644059,168.182332,0.004911472,10.12092099,17.71,2.95,60.46,83.94,533.14,1.340978648,66.66666667
32122142,328,3212000,2142000,FALSE,Broadleaved woodland,Broadleaved woodland,Woodland,Forest,0.70029347,11.57006603,307.7637564,0.002275425,9.928960846,62.86,17.19,305.89,102.36,210.1,1.483444056,85.71428571
32201782,624,3220000,1782000,TRUE,Pine dominated coniferous woodland,Coniferous woodland,Woodland,Forest,1.957699805,28.69135802,763.1901235,0.002565153,14.91126223,63.19,82.35,651.09,317.43,627.54,2.057539267,78.94736842
32202298,140,3220000,2298000,FALSE,Pine dominated mixed woodland,Mixed woodland,Woodland,Forest,1.605474453,9.693430657,257.8452555,0.006226504,9.331568498,17.68,30.06,309.66,329.13,232.79,0.746562081,44.44444444
32281848,579,3228000,1848000,TRUE,Common wheat,Cereals,Cropland,Agriculture,0.251727043,10.48862679,278.9974726,0.000902256,1.28077179,77.69,35.95,449.99,68.73,206.14,1.214595287,64.70588235
32281852,547,3228000,1852000,FALSE,Durum wheat,Cereals,Cropland,Agriculture,0.131167691,9.424641498,250.6954639,0.000523215,5.898876404,56.03,22.53,238.37,81.07,141.1,1.743542394,37.93103448
32361730,189,3236000,1730000,FALSE,Grassland without tree/shrub cover,Grassland without tree/shrub cover,Grassland,Grassland,0.8000378,6.640836641,176.6462546,0.004529039,10.50405954,50.99,17.17,270.07,52.68,92.29,1.183764463,37.5
32402336,183,3240000,2336000,TRUE,Broadleaved woodland,Broadleaved woodland,Woodland,Forest,2.149893843,12.62915782,335.935598,0.00639972,22.50740375,183.95,129.75,771.53,710.94,1302.27,1.155021583,62.85714286
32522074,672,3252000,2074000,TRUE,Broadleaved woodland,Broadleaved woodland,Woodland,Forest,0.281546811,14.07734057,374.4572592,0.00075188,2.38410596,79.39,23.51,421.21,117.46,218.92,0.926471459,57.14285714
32702146,531,3270000,2146000,FALSE,Pine dominated coniferous woodland,Coniferous woodland,Woodland,Forest,2.29327018,17.41793303,463.3170186,0.004949678,15.6203164,106.4,54.58,571.33,158.83,1008.3,0.976258364,68.42105263
32882938,626,3288000,2938000,FALSE,Other fresh vegetables,"Dry pulses, vegetables, and flowers",Cropland,Agriculture,1.095028681,9.257488846,246.2492033,0.004446831,14.00854982,12.48,26.62,243.97,61.45,210.94,1.249654688,63.15789474
32902338,586,3290000,2338000,FALSE,Pine dominated mixed woodland,Mixed woodland,Woodland,Forest,2.119148936,10.06595745,267.7544681,0.007914523,21.7188541,222.94,54.77,578.06,248,2553.46,1.806706122,88.88888889
33062044,516,3306000,2044000,TRUE,Other coniferous woodland,Coniferous woodland,Woodland,Forest,0.618085106,11.38061466,302.7243499,0.002041742,6.421105027,36.62,31.12,280.57,103.94,110.08,1.668992405,75.75757576
33081892,101,3308000,1892000,FALSE,Spontaneously re-vegetated surfaces,Spontaneously re-vegetated surfaces,Grassland,Grassland,0.47209385,13.4743453,358.417585,0.001317162,6.60690571,79.78,33.91,393.41,46.42,77.57,1.670655807,31.25
33162080,292,3316000,2080000,TRUE,Broadleaved woodland,Broadleaved woodland,Woodland,Forest,0.454558911,9.214031972,245.0932504,0.001854637,3.870233352,64.49,14.91,306.63,31.52,215.72,1.157590054,24
33241828,322,3324000,1828000,TRUE,Spontaneously re-vegetated surfaces,Spontaneously re-vegetated surfaces,Grassland,Grassland,0.61405672,10.72162527,285.1952322,0.00215311,6.118736564,41.76,34.36,331.52,68.58,150.51,0.903387097,36
33343208,813,3334000,3208000,TRUE,Other root crops,Root crops,Cropland,Agriculture,0.887403943,5.268960909,140.1543602,0.006331619,15.33239038,26.7,56.39,346.3,102.02,218.85,0.600618337,57.14285714
33363162,353,3336000,3162000,TRUE,Grassland without tree/shrub cover,Grassland without tree/shrub cover,Grassland,Grassland,3.757279345,22.71989688,604.3492569,0.006217066,26.90389092,104.35,44.31,374.5,101.05,985.39,1.894217703,88.57142857
33502280,442,3350000,2280000,TRUE,Broadleaved woodland,Broadleaved woodland,Woodland,Forest,4.836220472,33.42407199,889.080315,0.005439577,26.49247561,60.46,16.78,254.63,683.06,2250.3,2.098816327,97.2972973
33581994,89,3358000,1994000,FALSE,Broadleaved woodland,Broadleaved woodland,Woodland,Forest,1.360430464,10.03145695,266.836755,0.005098362,13.65260901,23.92,33.13,343.43,169.69,285.95,1.96764791,21.73913043
33863294,196,3386000,3294000,TRUE,Grassland without tree/shrub cover,Grassland without tree/shrub cover,Grassland,Grassland,9.239524703,45.07296227,1198.940796,0.007706406,46.40522876,321.83,46.86,389.17,320.34,2835.22,1.129949495,84.375
34003734,285,3400000,3734000,TRUE,Grassland without tree/shrub cover,Grassland without tree/shrub cover,Grassland,Grassland,2.906282183,34.33401991,913.2849296,0.003182229,35.27745376,106.53,43.51,344.52,166.13,1078.89,1.703059055,93.93939394
34242272,416,3424000,2272000,TRUE,Grassland without tree/shrub cover,Grassland without tree/shrub cover,Grassland,Grassland,2.412289807,24.0654626,640.1413051,0.003768371,19.17785235,146.09,57.42,410.93,201.08,1167.88,1.658939655,92.10526316
34382156,41,3438000,2156000,TRUE,Spontaneously re-vegetated surfaces,Spontaneously re-vegetated surfaces,Grassland,Grassland,1.092528068,13.87082204,368.9638663,0.002961071,13.82819016,102.37,44.91,426.23,85.36,116.76,2.182822835,41.93548387
34383700,364,3438000,3700000,FALSE,Grassland without tree/shrub cover,Grassland without tree/shrub cover,Grassland,Grassland,7.221941992,51.19903321,1361.894283,0.005302865,47.51819987,214.42,85.07,610.02,279.31,2248.31,1.501221429,92.59259259
34442320,448,3444000,2320000,FALSE,Grassland without tree/shrub cover,Grassland without tree/shrub cover,Grassland,Grassland,1.358342189,15.11229189,401.9869642,0.00337907,21.85683441,157.05,81.21,397.68,322.96,550.9,2.218837778,91.66666667
34503420,859,3450000,3420000,FALSE,Grassland without tree/shrub cover,Grassland without tree/shrub cover,Grassland,Grassland,2.938892062,16.53785139,439.9068469,0.006680715,25.42589438,56.96,40.71,425.13,160.8,606.59,1.862301136,78.78787879
34862944,405,3486000,2944000,FALSE,Grassland without tree/shrub cover,Grassland without tree/shrub cover,Grassland,Grassland,1.146197754,25.11446634,668.0448045,0.00171575,9.468244707,42.65,38.31,311.28,245.73,554.36,1.860355183,100
34882068,782,3488000,2068000,TRUE,Other fruit trees and berries,Permanent crops: fruit trees,Cropland,Agriculture,0.226004084,4.802586794,127.7488087,0.001769129,2.634631317,16.02,6.02,106.99,19.58,32.98,0.850488536,13.51351351
34902982,602,3490000,2982000,TRUE,Grassland without tree/shrub cover,Grassland without tree/shrub cover,Grassland,Grassland,1.846496107,11.23285132,298.793845,0.006179833,10.54726368,88.19,45.83,317.49,226.66,870.77,1.046679032,67.64705882
35002236,360,3500000,2236000,TRUE,Grassland without tree/shrub cover,Grassland without tree/shrub cover,Grassland,Grassland,3.103001017,27.23041709,724.3290946,0.004283966,35.09409046,979.28,239.96,1129.66,354.06,2247.16,1.513550802,79.31034483
35042146,575,3504000,2146000,FALSE,Spontaneously re-vegetated surfaces,Spontaneously re-vegetated surfaces,Grassland,Grassland,0.97808875,24.60504511,654.4942,0.001494419,10.26107072,81.68,101.91,591.1,197.67,274.82,1.511100775,87.5
35062950,409,3506000,2950000,FALSE,Grassland without tree/shrub cover,Grassland without tree/shrub cover,Grassland,Grassland,0.981641659,19.43748161,517.0370109,0.001898591,7.404380517,117.37,79.47,486.1,151.12,807.1,1.598174267,70.27027027
35282092,12,3528000,2092000,FALSE,Other fruit trees and berries,Permanent crops: fruit trees,Cropland,Agriculture,0.865671642,6.71641791,178.6567164,0.004845447,8.173712021,26.85,55.39,429.41,88.98,121.5,1.52835446,28.20512821
35342068,284,3534000,2068000,FALSE,Olive groves,Other permanent crops,Cropland,Agriculture,0.320575843,6.071512172,161.5022238,0.001984962,5.570291777,44,24.1,332.39,68.16,73.95,1.631156061,90.47619048
35402092,741,3540000,2092000,TRUE,Olive groves,Other permanent crops,Cropland,Agriculture,0.461031071,18.00902621,479.0400972,0.000962406,4.413472706,63.2,39.81,409.31,73.66,90.53,1.421406725,39.47368421
35423508,452,3542000,3508000,TRUE,Grassland without tree/shrub cover,Grassland without tree/shrub cover,Grassland,Grassland,1.444790855,20.7014809,550.659392,0.002623747,36.17973802,46.71,7.91,130.85,83.5,1097.2,1.206405512,85.71428571
35462962,487,3546000,2962000,FALSE,Common wheat,Cereals,Cropland,Agriculture,0.724746974,6.808229146,181.0988953,0.00400194,15.87646077,59.61,40.72,327.76,85.9,440.86,1.778992647,80.55555556
35642110,46,3564000,2110000,FALSE,Pear fruit,Permanent crops: fruit trees,Cropland,Agriculture,1.031444172,11.09583883,295.1493127,0.003494652,12.09864283,58.64,107.44,553.66,129.73,172.78,1.573590331,69.6969697
35702100,276,3570000,2100000,TRUE,Barley,Cereals,Cropland,Agriculture,0,19.56610864,520.4584899,0,2.886529529,87.07,68.16,462.68,117.08,135.12,1.425803672,44.82758621
35742886,573,3574000,2886000,TRUE,Maize,Cereals,Cropland,Agriculture,0.671038448,8.350700683,222.1286382,0.003020945,8.52917009,33.83,27.62,200.29,64.41,341.27,1.271592998,33.33333333
36442800,56,3644000,2800000,FALSE,Durum wheat,Cereals,Cropland,Agriculture,1.234659725,11.72926739,311.9985125,0.003957262,10.38160307,30.34,24.18,214.08,111.86,443.99,1.814854015,79.48717949
36462652,82,3646000,2652000,TRUE,Grassland without tree/shrub cover,Grassland without tree/shrub cover,Grassland,Grassland,1.045137544,8.89706832,236.6620173,0.004416161,15.1823858,29.32,20.59,197.62,80.91,333.47,1.389941003,77.27272727
36662908,642,3666000,2908000,FALSE,Common wheat,Cereals,Cropland,Agriculture,1.473193047,8.758157975,232.9670021,0.006323612,9.189099369,27.79,39.35,281.62,85.08,258.33,1.760309451,48.64864865
36722782,807,3672000,2782000,TRUE,Rape and turnip rape,Non-permanent industrial crops,Cropland,Agriculture,0.652026424,10.62012736,282.4953877,0.002308096,7.482656095,40.94,64.62,476.4,139.91,499.78,1.315709574,73.68421053
37162926,643,3716000,2926000,TRUE,Maize,Cereals,Cropland,Agriculture,0.938218671,8.573377509,228.0518417,0.004114059,15.42772375,26.82,51.7,386.52,70.64,323.24,1.83761985,53.84615385
37202358,620,3720000,2358000,FALSE,Broadleaved woodland,Broadleaved woodland,Woodland,Forest,0.914936616,12.85994243,342.0744687,0.002674671,10.28514917,49.37,12.58,142.04,117.08,707.25,1.889296552,82.14285714
37222482,483,3722000,2482000,FALSE,Grassland without tree/shrub cover,Grassland without tree/shrub cover,Grassland,Grassland,2.310106593,25.83168838,687.1229109,0.003361999,16.15359153,189.18,171.43,762.22,211.77,1037.38,1.689878521,75
37342800,649,3734000,2800000,TRUE,Pine dominated mixed woodland,Mixed woodland,Woodland,Forest,0.784389219,3.340917046,88.86839342,0.008826414,5.004156276,37.7,6.99,99.62,139.31,1035.87,1.050509284,76
37362918,404,3736000,2918000,TRUE,Common wheat,Cereals,Cropland,Agriculture,0.841848234,13.7709742,366.3079138,0.002298198,11.73740053,43.14,71.27,434.25,130.18,316.99,1.788737082,58.97435897
37382484,481,3738000,2484000,TRUE,Grassland without tree/shrub cover,Grassland without tree/shrub cover,Grassland,Grassland,3.340616375,34.42425636,915.6852193,0.003648215,28.26266293,254.54,87.01,490.14,132.66,1224.65,0.960645161,42.42424242
37562340,564,3756000,2340000,TRUE,Broadleaved woodland,Broadleaved woodland,Woodland,Forest,0.983186855,15.96357152,424.6310024,0.002315391,12.82478348,110.37,114.22,647.72,318.76,888.32,1.966205882,97.14285714
37582662,63,3758000,2662000,FALSE,Grassland without tree/shrub cover,Grassland without tree/shrub cover,Grassland,Grassland,1.316299559,8.824082232,234.7205874,0.005607943,19.09039065,70,57.54,371.84,106.44,525.71,2.167227666,80
37682420,313,3768000,2420000,TRUE,Grassland without tree/shrub cover,Grassland without tree/shrub cover,Grassland,Grassland,1.908263146,18.32688368,487.4951059,0.003914425,26.97805851,269.17,150.52,826.64,251.94,1311.29,1.310320988,74.07407407
37682906,663,3768000,2906000,FALSE,Common wheat,Cereals,Cropland,Agriculture,0.703525332,9.060553522,241.0107237,0.002919062,13.52657005,36.39,67.25,427.08,86.89,274.06,1.290314241,42.5
37802362,628,3780000,2362000,TRUE,Pine dominated mixed woodland,Mixed woodland,Woodland,Forest,2.078597573,30.85917935,820.8541707,0.002532237,14.05629139,40.34,24.86,350.32,321.12,864.81,2.234610169,96.15384615
37922448,277,3792000,2448000,FALSE,Grassland without tree/shrub cover,Grassland without tree/shrub cover,Grassland,Grassland,1.558380598,21.37362279,568.5383663,0.00274103,15.16509043,137.86,153.22,1025.96,154.27,924.22,1.599657895,84.21052632
38022398,280,3802000,2398000,TRUE,Pine dominated coniferous woodland,Coniferous woodland,Woodland,Forest,1.894487511,20.43425208,543.5511054,0.00348539,22.72878536,66.53,114.41,927.43,462.59,1047.47,2.283625767,94.28571429
38282398,308,3828000,2398000,FALSE,Spruce dominated coniferous woodland,Coniferous woodland,Woodland,Forest,2.633008501,16.00456148,425.7213353,0.006184817,19.54962469,56.54,9.5,140.82,386.06,2034.99,1.253095628,56
38462664,667,3846000,2664000,FALSE,Broadleaved woodland,Broadleaved woodland,Woodland,Forest,1.016387538,17.38819857,462.526082,0.002197471,7.66544729,32.45,60.14,502.22,139.43,484.87,1.057820402,76
38562344,201,3856000,2344000,FALSE,Vineyards,Other permanent crops,Cropland,Agriculture,1.090747647,9.138696502,243.0893269,0.004487024,19.82058949,51.47,28.23,315.21,54.01,97.42,2.187369501,33.33333333
38742668,42,3874000,2668000,TRUE,Grassland with sparse tree/shrub cover,Grassland with sparse tree/shrub cover,Grassland,Grassland,2.856853614,29.29675373,779.2936492,0.003665953,18.49834983,621.52,217.92,1385.49,355.34,1957.71,1.127336032,58.33333333
38842482,275,3884000,2482000,TRUE,Grassland without tree/shrub cover,Grassland without tree/shrub cover,Grassland,Grassland,3.722067393,24.95397348,663.7756946,0.005607417,34.48962656,324.43,87.41,521.56,212.48,1461.02,1.490283019,95
38842666,35,3884000,2666000,FALSE,Grassland without tree/shrub cover,Grassland without tree/shrub cover,Grassland,Grassland,1.338957908,13.13307374,349.3397614,0.003832824,10.59350133,190.76,105.19,581.31,531.83,1100.9,1.510459524,100
38922830,410,3892000,2830000,FALSE,Barley,Cereals,Cropland,Agriculture,0.439929329,17.20612485,457.6829211,0.00096121,6.969099277,112.4,78.43,478.44,98.23,184.94,2.204820158,74.07407407
38942726,551,3894000,2726000,FALSE,Barley,Cereals,Cropland,Agriculture,2.150939664,8.154962084,216.9219914,0.009915729,15.43994647,25.1,19.65,184.91,36.92,264.04,2.186645923,22.72727273
38982814,462,3898000,2814000,TRUE,Barley,Cereals,Cropland,Agriculture,0.362032998,8.867185031,235.8671218,0.001534902,11.21400909,34.76,59.16,424.4,69.59,252.2,1.852738426,60.52631579
39023026,419,3902000,3026000,TRUE,Broadleaved woodland,Broadleaved woodland,Woodland,Forest,1.138322884,5.149555904,136.978187,0.008310249,14.03065521,70.65,7.52,109.52,98.19,943.52,1.730593074,78.37837838
39082708,683,3908000,2708000,TRUE,Lucerne,Fodder crops,Cropland,Agriculture,0.543371522,22.48954355,598.2218585,0.000908311,9.15248637,79.53,93.48,548.56,139.92,615.15,2.583038793,97.36842105
39122716,617,3912000,2716000,TRUE,Common wheat,Cereals,Cropland,Agriculture,0.414309484,35.54877673,945.597461,0.000438146,9.94005994,88.9,70.89,516.54,102.55,380.6,1.441879397,85.71428571
39383058,656,3938000,3058000,FALSE,Common wheat,Cereals,Cropland,Agriculture,0.872372372,9.814189189,261.0574324,0.003341688,12.06469714,36.47,41.13,261.85,76.61,252.25,1.567307958,30
39482532,314,3948000,2532000,FALSE,Common wheat,Cereals,Cropland,Agriculture,0.786800215,8.808203661,234.2982174,0.003358114,7.800131926,64.13,58.3,357.6,71.93,160.32,0.945895105,47.61904762
39783064,638,3978000,3064000,TRUE,Potatoes,Root crops,Cropland,Agriculture,0.547940899,6.566593314,174.6713822,0.003136982,9.720448418,17.57,28.44,236.61,42.36,244.01,1.525738347,43.58974359
39822308,350,3982000,2308000,TRUE,Rape and turnip rape,Non-permanent industrial crops,Cropland,Agriculture,0.668969488,10.83093456,288.1028593,0.002321981,13.06306306,36.84,38.83,314.22,57.28,88.42,2.033508803,55
39942574,354,3994000,2574000,TRUE,Other mixed woodland,Mixed woodland,Woodland,Forest,12.42932752,82.34537152,2190.386883,0.00567449,46.32352941,120.41,57.99,817.39,885.44,2385.9,1.461911765,70
40002866,142,4000000,2866000,TRUE,Broadleaved woodland,Broadleaved woodland,Woodland,Forest,3.345522543,29.54636748,785.9333749,0.004256751,19.91680532,70.52,74.51,457,236.39,505.78,2.148685083,94.87179487
40022438,550,4002000,2438000,TRUE,Lucerne,Fodder crops,Cropland,Agriculture,0.668885774,22.92630227,609.8396403,0.001096822,5.261410788,85.4,87.95,602.95,179.53,788.7,1.137966245,58.62068966
40102842,154,4010000,2842000,FALSE,Broadleaved woodland,Broadleaved woodland,Woodland,Forest,1.883007117,31.99881376,851.168446,0.002212261,25.26595745,96.11,135.14,897.82,581.26,1425.43,2.173452663,97.43589744
40262620,563,4026000,2620000,TRUE,Spruce dominated mixed woodland,Mixed woodland,Woodland,Forest,4.883453562,57.50375714,1529.59994,0.003192635,25.60791548,34.41,16.33,257.45,306.56,1454.32,2.212819149,97.14285714
40262632,389,4026000,2632000,FALSE,Other mixed woodland,Mixed woodland,Woodland,Forest,4.979570727,30.54995259,812.6287389,0.006127732,35.71072319,74.42,58.59,562.81,371.44,1234.58,1.804913333,92.85714286
40383202,75,4038000,3202000,TRUE,Grassland with sparse tree/shrub cover,Grassland with sparse tree/shrub cover,Grassland,Grassland,0.859088433,9.243992494,245.8902004,0.003493789,8.688443044,11.82,5.27,77.43,35.11,142.59,1.390876457,43.24324324
40602702,429,4060000,2702000,FALSE,Spruce dominated coniferous woodland,Coniferous woodland,Woodland,Forest,1.67222007,17.41895906,463.344311,0.003609023,14.59298478,51.97,26.87,252.16,108.26,696.51,1.935497788,94.59459459
40723226,179,4072000,3226000,FALSE,Grassland without tree/shrub cover,Grassland without tree/shrub cover,Grassland,Grassland,0.928065598,8.971300783,238.6366008,0.003889033,11.56888596,69.4,61.34,388.71,90.58,704.79,0.647652878,14.28571429
40783066,428,4078000,3066000,TRUE,Dry pulses,"Dry pulses, vegetables, and flowers",Cropland,Agriculture,0.43147448,15.82073094,420.831443,0.00102529,9.662729472,55.84,162.74,824.89,132.49,476.93,2.129839655,73.68421053
40783218,52,4078000,3218000,TRUE,Broadleaved woodland,Broadleaved woodland,Woodland,Forest,0.821156773,4.053145611,107.8136733,0.007616444,12.82136341,51.01,8.84,93.61,140.13,717.98,0.411281818,60
40903100,455,4090000,3100000,TRUE,Common wheat,Cereals,Cropland,Agriculture,0.260460251,7.765574152,206.5642724,0.001260916,4.985920159,19,24.93,236.34,55.92,207.72,1.655662252,46.15384615
40962778,520,4096000,2778000,TRUE,Spruce dominated mixed woodland,Mixed woodland,Woodland,Forest,1.402664933,7.283067923,193.7296068,0.007240323,12.33618234,86.2,7.52,98.65,127.86,910.67,1.58590597,69.23076923
40963282,256,4096000,3282000,FALSE,Potatoes,Root crops,Cropland,Agriculture,0.380868337,2.832097894,75.33380398,0.005055743,6.129887343,21.81,41.82,299.42,58.97,229.93,0.40329668,2.631578947
41062772,640,4106000,2772000,TRUE,Apple fruit,Permanent crops: fruit trees,Cropland,Agriculture,0.358878783,8.662591322,230.4249292,0.001557465,4.689498366,77.96,59.71,409.19,141.73,568.17,1.404187003,73.33333333
41102514,222,4110000,2514000,FALSE,Pine dominated coniferous woodland,Coniferous woodland,Woodland,Forest,1.112903226,5.483870968,145.8709677,0.007629368,14.2476254,21.81,10.53,166.45,165.95,206.69,1.616659389,50
41183292,235,4118000,3292000,TRUE,Sugar beet,Root crops,Cropland,Agriculture,1.073107663,8.194640339,217.977433,0.004923022,29.14723518,73.65,50.95,477.39,110.77,795.46,0.694178977,34.28571429
41243258,317,4124000,3258000,FALSE,Broadleaved woodland,Broadleaved woodland,Woodland,Forest,2.47146402,8.2382134,219.1364764,0.011278195,46.31140716,404.16,46.74,375.59,322.95,1550.95,1.190389474,53.84615385
41303178,464,4130000,3178000,TRUE,Pine dominated coniferous woodland,Coniferous woodland,Woodland,Forest,0.521337521,2.300018474,61.18049141,0.008521303,10.52892562,162.4,11.18,126.27,36.21,709.88,0.453416223,36.66666667
41342812,399,4134000,2812000,FALSE,Vineyards,Other permanent crops,Cropland,Agriculture,0.324679943,14.56140351,387.3333333,0.000838244,6.407056083,49.94,91.1,577.57,121.01,382.76,2.224374439,82.85714286
41622476,417,4162000,2476000,FALSE,Grassland without tree/shrub cover,Grassland without tree/shrub cover,Grassland,Grassland,1.081041968,9.323272001,247.9990352,0.004359057,18.3628692,45.84,26.41,190.26,75.54,600.9,1.826609971,68.42105263
41763142,517,4176000,3142000,TRUE,Rape and turnip rape,Non-permanent industrial crops,Cropland,Agriculture,0.85775076,14.295846,380.2695035,0.002255639,17.83216783,51.17,62.02,435.65,127.51,441.1,1.916493802,76
41823036,158,4182000,3036000,FALSE,Common wheat,Cereals,Cropland,Agriculture,0.554177795,15.09474755,401.5202849,0.001380199,13.05357439,63.49,107.44,652.59,115.76,456.63,1.729514381,55.26315789
41883154,474,4188000,3154000,TRUE,Broadleaved woodland,Broadleaved woodland,Woodland,Forest,0.88795045,6.646646647,176.8008008,0.005022321,11.49501661,53.35,5.94,105.72,96.16,1046.54,1.758911523,89.18918919
41902558,397,4190000,2558000,TRUE,Broadleaved woodland,Broadleaved woodland,Woodland,Forest,1.994279176,17.99071955,478.5531401,0.00416731,13.32231405,115.73,171.84,963.98,248.75,1248.44,0.583019444,37.14285714
41941786,98,4194000,1786000,FALSE,Spontaneously re-vegetated surfaces,Spontaneously re-vegetated surfaces,Grassland,Grassland,0.679117752,4.23218309,112.5760702,0.006032523,7.243029203,14.47,13.49,160.81,61.2,144.65,1.025750559,77.77777778
42182510,337,4218000,2510000,TRUE,Grassland without tree/shrub cover,Grassland without tree/shrub cover,Grassland,Grassland,1.103164557,6.537271449,173.8914205,0.006343985,21.67878387,71.5,38.44,364.43,100.11,870.84,0.978126866,55.55555556
42183148,506,4218000,3148000,TRUE,Spruce dominated coniferous woodland,Coniferous woodland,Woodland,Forest,2.315527682,9.692906574,257.8313149,0.008980785,23.27857972,190.23,22.73,238.62,74.72,2501.44,1.259645946,59.375
42223056,180,4222000,3056000,FALSE,Grassland without tree/shrub cover,Grassland without tree/shrub cover,Grassland,Grassland,1.452031603,16.70617005,444.3841234,0.003267515,11.69435216,116.23,117.75,670.54,197.23,765.07,1.341648607,47.05882353
42401958,83,4240000,1958000,TRUE,Grassland with sparse tree/shrub cover,Grassland with sparse tree/shrub cover,Grassland,Grassland,0.263492063,10.07741576,268.0592593,0.000982962,0.828500414,98.07,62.37,495.43,289.39,674.45,1.513338028,41.66666667
42462906,172,4246000,2906000,TRUE,Triticale,Cereals,Cropland,Agriculture,0.647081194,7.470368258,198.7117957,0.00325638,11.70248489,37.55,21.56,190.59,44.25,239.46,1.191339744,58.97435897
42483154,499,4248000,3154000,FALSE,Broadleaved woodland,Broadleaved woodland,Woodland,Forest,0.891632115,3.962809398,105.41073,0.008458647,11.84582157,39.77,4.35,81.98,65.71,506.85,1.385355337,50
42583038,150,4258000,3038000,TRUE,Grassland without tree/shrub cover,Grassland without tree/shrub cover,Grassland,Grassland,1.682776981,13.59819783,361.7120623,0.004652256,18.61666667,72.1,94.91,525.43,137.68,633.69,1.616649852,74.35897436
42603190,504,4260000,3190000,FALSE,Common wheat,Cereals,Cropland,Agriculture,0.410745847,6.112289384,162.5868976,0.002526316,5.982053838,26.65,34.21,303.85,81.72,260.21,1.538013514,44.73684211
42683042,170,4268000,3042000,TRUE,Grassland without tree/shrub cover,Grassland without tree/shrub cover,Grassland,Grassland,2.41489118,26.87437953,714.8584956,0.003378139,27.68389662,230.12,122.6,773.11,219.56,1151.42,1.50637,86.48648649
42763084,860,4276000,3084000,TRUE,Broadleaved woodland,Broadleaved woodland,Woodland,Forest,0.460791117,2.975942632,79.16007402,0.005821004,4.300182633,73.63,14.49,147.79,133.83,516.13,0.863536765,57.14285714
42943084,868,4294000,3084000,FALSE,Other mixed woodland,Mixed woodland,Woodland,Forest,0.458088996,2.529033,67.2722778,0.006809477,3.783604381,37.03,6.62,86.98,39.93,753.24,1.302596341,74.28571429
43022764,144,4302000,2764000,TRUE,Grassland without tree/shrub cover,Grassland without tree/shrub cover,Grassland,Grassland,1.969776876,21.94252874,583.6712644,0.003374805,18.36396754,86.63,92.85,527.35,140.04,747.47,1.475756757,59.45945946
43122714,187,4312000,2714000,FALSE,Grassland without tree/shrub cover,Grassland without tree/shrub cover,Grassland,Grassland,3.139006236,26.04707302,692.8521424,0.004530557,28.99585773,103.16,105.3,711.65,171.02,1123.62,1.8606875,84.84848485
43162914,163,4316000,2914000,FALSE,Common wheat,Cereals,Cropland,Agriculture,0.85461285,7.292696321,193.9857221,0.004405545,19.2550715,57.05,57.78,397.88,78.1,570.91,2.205791045,66.66666667
43283052,143,4328000,3052000,TRUE,Grassland without tree/shrub cover,Grassland without tree/shrub cover,Grassland,Grassland,3.353003384,31.9500846,849.8722504,0.003945303,32.45714286,215.23,179.06,1057.71,294.03,1444.43,1.535666,94.59459459
43663228,200,4366000,3228000,FALSE,Spontaneously re-vegetated surfaces,Spontaneously re-vegetated surfaces,Grassland,Grassland,1.175399555,21.49302043,571.7143435,0.002055921,17.68526228,56.15,83.94,532.67,126.64,401.72,1.977200472,83.78378378
43942996,13,4394000,2996000,TRUE,Grassland without tree/shrub cover,Grassland without tree/shrub cover,Grassland,Grassland,2.770682148,28.22309766,750.7343977,0.003690629,20.20185308,71.17,86.47,500.76,239.36,722.55,2.547713333,100
44322920,9,4432000,2920000,FALSE,Grassland without tree/shrub cover,Grassland without tree/shrub cover,Grassland,Grassland,1.137840376,29.09546166,773.9392801,0.001470193,11.61825726,77.54,120.84,637.91,200.97,696.45,2.0049941,78.78787879
45123304,25,4512000,3304000,TRUE,Grassland without tree/shrub cover,Grassland without tree/shrub cover,Grassland,Grassland,3.700966635,16.90884523,449.7752832,0.008228479,46.63005492,81.89,98.18,692.33,165.6,967.72,1.257468912,63.88888889
45502846,65,4550000,2846000,TRUE,Common wheat,Cereals,Cropland,Agriculture,1.271737124,10.7765676,286.656698,0.004436447,10.71369705,36.5,42.14,299.37,80.87,211.01,1.045405567,40
45762134,394,4576000,2134000,FALSE,Grassland without tree/shrub cover,Grassland without tree/shrub cover,Grassland,Grassland,1.32618862,13.63925695,362.8042349,0.003655384,14.80743692,22.68,26.69,280.28,245.57,311.58,1.292704981,71.42857143
46162668,264,4616000,2668000,FALSE,Spruce dominated coniferous woodland,Coniferous woodland,Woodland,Forest,4.990790899,22.93066089,609.9555796,0.00818222,38.7423262,312.61,80.51,711.92,537.53,1810.57,1.38526699,72.22222222
46163088,567,4616000,3088000,TRUE,Other coniferous woodland,Coniferous woodland,Woodland,Forest,0.81372549,2.288602941,60.87683824,0.01336675,19.24789708,165.82,16.15,126.06,33.67,275.2,0.539962291,38.46153846
46282880,611,4628000,2880000,TRUE,Other coniferous woodland,Coniferous woodland,Woodland,Forest,0.485466147,7.551695616,200.8751034,0.002416756,5.998000666,28.05,6.94,98.72,74.14,506.28,1.084786026,63.33333333
46323328,736,4632000,3328000,FALSE,Common wheat,Cereals,Cropland,Agriculture,0.325896841,6.073532036,161.5559522,0.002017238,6.616666667,26.79,58.64,384.09,85.31,225.55,1.207218213,59.375
46342786,204,4634000,2786000,FALSE,Maize,Cereals,Cropland,Agriculture,0.930749557,6.041707653,160.7094236,0.005791506,14.9715624,27.02,32.58,306.35,61.8,311.28,2.030133431,43.58974359
46382836,302,4638000,2836000,FALSE,Spruce dominated coniferous woodland,Coniferous woodland,Woodland,Forest,3.044657097,18.45915293,491.013468,0.006200761,37.53943218,337.87,65.69,682.63,205.27,1967.9,1.539879167,75
46422690,552,4642000,2690000,TRUE,Spruce dominated coniferous woodland,Coniferous woodland,Woodland,Forest,13.37333736,59.54856913,1583.991939,0.008442806,44.94007989,276.78,72.93,847.26,184.07,2921.7,1.236928571,87.5
46482614,131,4648000,2614000,FALSE,Grassland without tree/shrub cover,Grassland without tree/shrub cover,Grassland,Grassland,1.127908952,2.067833079,55.00435989,0.02050581,15.562249,83.79,44.16,384.92,133.23,714.31,1.810254573,80.64516129
46503324,191,4650000,3324000,TRUE,Common wheat,Cereals,Cropland,Agriculture,0.194607268,2.826438899,75.18327472,0.002588438,0.665446681,20.19,12.49,124.91,48.99,227.94,0.524720565,5.714285714
46503360,730,4650000,3360000,FALSE,Rape and turnip rape,Non-permanent industrial crops,Cropland,Agriculture,0.595515695,6.649925262,176.888012,0.003366626,7.299634187,35.78,70.99,405.54,71.22,374.71,1.185606838,53.84615385
46903344,781,4690000,3344000,TRUE,Rye,Cereals,Cropland,Agriculture,0.280452779,2.383848623,63.41037337,0.004422822,1.922120961,12.3,5.81,96.26,46.06,346.44,0.479347345,60
46942572,45,4694000,2572000,TRUE,Grassland without tree/shrub cover,Grassland without tree/shrub cover,Grassland,Grassland,5.321254355,54.75493612,1456.481301,0.0036535,28.78411911,62.54,74.16,668.73,232.68,1534.81,1.847690476,97.22222222
47083048,537,4708000,3048000,FALSE,Other mixed woodland,Mixed woodland,Woodland,Forest,0.34646098,16.16817907,430.0735632,0.000805585,8.502158751,41.56,111.3,562.11,115.15,383.8,2.073904839,90.32258065
47182946,236,4718000,2946000,FALSE,Grassland without tree/shrub cover,Grassland without tree/shrub cover,Grassland,Grassland,0.860995851,10.84854772,288.5713693,0.00298365,20.33057851,61.96,65.99,471.25,148.43,545.99,1.469734884,83.33333333
47262412,14,4726000,2412000,TRUE,Other mixed woodland,Mixed woodland,Woodland,Forest,5.854292343,37.23124517,990.3511214,0.00591133,28.76033058,21.04,7.6,138.05,350.76,1606.09,1.770171598,91.89189189
47282676,411,4728000,2676000,TRUE,Spruce dominated mixed woodland,Mixed woodland,Woodland,Forest,0.880917003,5.755324418,153.0916295,0.005754181,21.47024504,50.67,4.81,81.61,49.27,676.55,1.608282369,83.78378378
47361656,368,4736000,1656000,TRUE,Grassland without tree/shrub cover,Grassland without tree/shrub cover,Grassland,Grassland,1.125314739,9.538382078,253.7209633,0.004435245,14.59057072,65.9,69.28,555.76,447.5,607.93,2.135802846,85.71428571
47362636,630,4736000,2636000,TRUE,Broadleaved woodland,Broadleaved woodland,Woodland,Forest,1.834166026,13.13156546,349.2996413,0.005250982,13.55481728,109.77,24.73,245.2,197.33,1311.2,1.185206573,55.88235294
47502586,651,4750000,2586000,FALSE,Spruce dominated mixed woodland,Mixed woodland,Woodland,Forest,2.274708675,6.447993095,171.5166163,0.013262322,22.72803068,77.84,8.51,117.09,68.27,765.54,1.047576389,82.60869565
47642728,270,4764000,2728000,TRUE,Spruce dominated coniferous woodland,Coniferous woodland,Woodland,Forest,4.450017295,23.92482417,636.4003228,0.006992481,52.59101345,627.19,67.07,634.25,424.14,2991.51,1.572347561,89.28571429
47903032,223,4790000,3032000,TRUE,Grassland without tree/shrub cover,Grassland without tree/shrub cover,Grassland,Grassland,1.804778973,19.50219036,518.7582636,0.003479037,31.16776316,108.04,23.03,239.93,107.53,1292.63,1.215415301,81.81818182
47942370,605,4794000,2370000,FALSE,Broadleaved woodland,Broadleaved woodland,Woodland,Forest,1.018001978,22.82294758,607.0904055,0.001676854,16.29408843,57.16,50.51,354.56,147.16,386.96,2.177023474,94.59459459
48263042,242,4826000,3042000,TRUE,Broadleaved woodland,Broadleaved woodland,Woodland,Forest,2.426786135,14.93908669,397.379706,0.00610697,29.34021993,40.52,13.7,227.38,259.21,1093.7,1.59942,94.73684211
48282902,391,4828000,2902000,FALSE,Maize,Cereals,Cropland,Agriculture,0.595633219,10.07612862,268.0250214,0.002222305,8.021452145,65.99,97.01,506.78,122.29,233.91,1.392992915,51.28205128
48442898,472,4844000,2898000,TRUE,Rape and turnip rape,Non-permanent industrial crops,Cropland,Agriculture,0.138947728,0.803439244,21.37148389,0.006501548,1.364785173,18.4,7.01,81.78,76.98,254.57,0.488113815,44
48483018,251,4848000,3018000,TRUE,Grassland without tree/shrub cover,Grassland without tree/shrub cover,Grassland,Grassland,2.876416739,28.64356292,761.9187736,0.003775228,24.4400527,135.69,223.25,954.52,401.89,971.38,1.399494444,88.88888889
48941830,446,4894000,1830000,TRUE,Pine dominated mixed woodland,Mixed woodland,Woodland,Forest,1.886363636,21.7317916,578.0656566,0.003263234,17.48642869,53.64,28.12,271.07,620.12,1044.5,1.44023065,65
48942888,245,4894000,2888000,TRUE,Grassland without tree/shrub cover,Grassland without tree/shrub cover,Grassland,Grassland,1.162376987,15.96959374,424.7911935,0.002736349,12.58891646,103,131.88,723.2,427.2,922.08,2.295690625,97.2972973
49704436,162,4970000,4436000,FALSE,Other coniferous woodland,Coniferous woodland,Woodland,Forest,1.109465318,9.795279383,260.5544316,0.004258094,7.76407864,61.79,35.67,308.83,278.71,895.27,0.795521226,68.18181818
49724396,107,4972000,4396000,TRUE,Pine dominated coniferous woodland,Coniferous woodland,Woodland,Forest,0.584908903,2.805660594,74.63057179,0.00783739,3.194675541,48.8,8.9,115.39,119.77,426.31,0.597842043,52.63157895
49803394,22,4980000,3394000,TRUE,Pine dominated coniferous woodland,Coniferous woodland,Woodland,Forest,0.478629579,5.677860697,151.0310945,0.00316908,2.593755163,93.97,29.42,236.37,116.42,432.32,0.578540373,68.18181818
50022946,161,5002000,2946000,FALSE,Grassland without tree/shrub cover,Grassland without tree/shrub cover,Grassland,Grassland,2.497313561,19.32445018,514.0303747,0.0048583,22.59191482,180.62,105.35,601.4,169.23,1450.75,1.720866492,94.87179487
50063158,629,5006000,3158000,FALSE,Barley,Cereals,Cropland,Agriculture,0.859335951,3.308937284,88.01773176,0.009763214,6.943521595,26.97,18.63,172.37,33.02,317.41,0.42892298,22.58064516
50083478,20,5008000,3478000,FALSE,Broadleaved woodland,Broadleaved woodland,Woodland,Forest,0.893907732,3.869152869,102.9194663,0.008685507,11.7338252,37.82,8.53,92.4,41.29,342.96,1.387734581,66.66666667
50263082,459,5026000,3082000,TRUE,Other fresh vegetables,"Dry pulses, vegetables, and flowers",Cropland,Agriculture,0,7.051871726,187.5797879,0,13.43729263,29.74,65.2,454.24,83.62,233.42,1.556092784,46.15384615
50322994,48,5032000,2994000,FALSE,Grassland without tree/shrub cover,Grassland without tree/shrub cover,Grassland,Grassland,0.930303648,7.837103458,208.466952,0.004462595,18.70444003,86.59,17.64,168.53,57.17,796.79,1.292289298,80
50702998,16,5070000,2998000,TRUE,Grassland without tree/shrub cover,Grassland without tree/shrub cover,Grassland,Grassland,1.802150974,14.03544372,373.342803,0.004827068,18.00332779,84.95,27.46,232.62,99.59,776.82,1.716199029,70.27027027
50863206,152,5086000,3206000,FALSE,Grassland without tree/shrub cover,Grassland without tree/shrub cover,Grassland,Grassland,0.778903904,11.11236236,295.5888388,0.002635092,11.12593828,64.64,43.28,373.46,104.28,493.7,0.962563202,66.66666667
50882638,100,5088000,2638000,TRUE,Grassland without tree/shrub cover,Grassland without tree/shrub cover,Grassland,Grassland,0.986517651,2.748506889,73.11028325,0.013493555,6.159480606,12.86,7.15,26.21,22.08,37.57,1.263151142,10.81081081
50943268,587,5094000,3268000,TRUE,Grassland without tree/shrub cover,Grassland without tree/shrub cover,Grassland,Grassland,0.665648272,9.350773344,248.7305709,0.002676182,12.81837856,73.19,78.5,501.97,115.65,562.9,1.65409126,60.60606061
51083476,231,5108000,3476000,TRUE,Pine dominated coniferous woodland,Coniferous woodland,Woodland,Forest,0.701811907,3.103249928,82.54644809,0.008502024,3.368350842,9.15,3.17,40.2,38.66,220.77,0.300063604,13.79310345
51323464,265,5132000,3464000,FALSE,Triticale,Cereals,Cropland,Agriculture,0.208962739,6.487795521,172.5753609,0.001210849,1.488095238,12.08,28.93,206.25,66.61,106.35,0.624116317,50
51363072,880,5136000,3072000,FALSE,Broadleaved woodland,Broadleaved woodland,Woodland,Forest,0.87416016,8.590884329,228.5175232,0.003825353,9.125412541,34.03,30.88,228.12,78.55,408.96,1.436727494,73.52941176
51363400,443,5136000,3400000,TRUE,Broadleaved woodland,Broadleaved woodland,Woodland,Forest,1.222954634,6.651156779,176.9207703,0.006912442,14.40424826,25.97,19.33,229.54,82,292.65,0.414555249,7.894736842
51443008,32,5144000,3008000,TRUE,Grassland without tree/shrub cover,Grassland without tree/shrub cover,Grassland,Grassland,1.189066918,13.87244738,369.0071002,0.003222342,12.53091509,104.32,75.59,470.76,171.14,769.58,2.317621818,97.36842105
51503186,153,5150000,3186000,TRUE,Other mixed woodland,Mixed woodland,Woodland,Forest,0.518659955,2.113059075,56.20737141,0.009227614,4.270521768,46.11,16.29,171.43,80.28,397.7,0.526225,53.84615385
51722996,28,5172000,2996000,TRUE,Grassland without tree/shrub cover,Grassland without tree/shrub cover,Grassland,Grassland,2.473971453,35.8900084,954.6742233,0.00259143,21.72198488,89.38,81.1,653.57,147.35,852.97,1.939437743,97.43589744
51922944,119,5192000,2944000,FALSE,Grassland without tree/shrub cover,Grassland without tree/shrub cover,Grassland,Grassland,1.180171406,16.05895338,427.16816,0.002762779,14.37625083,42.56,53.5,485.43,106.4,495.57,2.396165094,92.10526316
52042676,799,5204000,2676000,TRUE,Grassland without tree/shrub cover,Grassland without tree/shrub cover,Grassland,Grassland,1.410320957,14.50947486,385.9520313,0.003654135,20.32425205,72.78,115.17,535.31,283.64,1145.99,1.626866071,78.94736842
52224014,232,5222000,4014000,FALSE,Barley,Cereals,Cropland,Agriculture,0.940029707,9.400297066,250.047902,0.003759398,10.39760439,34.32,51.7,345.86,70.6,304.1,0.96349,46.875
52263450,380,5226000,3450000,TRUE,Maize,Cereals,Cropland,Agriculture,0.693634424,3.984708393,105.9932432,0.006544138,6.329113924,29.2,12.94,140.37,24.94,285.5,0.911491543,48.48484848
52283958,488,5228000,3958000,TRUE,Other leguminous and mixtures for fodder,Fodder crops,Cropland,Agriculture,0.200448508,7.15887528,190.4260825,0.001052632,4.49752883,28.47,30.54,283.99,64.12,252.55,0.578036412,72
52362556,766,5236000,2556000,FALSE,Grassland without tree/shrub cover,Grassland without tree/shrub cover,Grassland,Grassland,0.609586394,9.304213375,247.4920758,0.002463054,14.01030414,14.87,19.76,207.89,92.85,229.52,2.141107029,83.33333333
52364076,241,5236000,4076000,FALSE,Broadleaved woodland,Broadleaved woodland,Woodland,Forest,1.268222176,14.96730677,398.13036,0.003185445,19.67158733,70.27,114.64,854.72,264.68,981.04,1.325077586,70.96774194
52383540,195,5238000,3540000,TRUE,Grassland without tree/shrub cover,Grassland without tree/shrub cover,Grassland,Grassland,1.062950938,4.840668591,128.7617845,0.008255174,7.104557641,41.35,17.65,160.76,55.96,411.3,0.45703125,72.4137931
52423612,237,5242000,3612000,FALSE,Grassland with sparse tree/shrub cover,Grassland with sparse tree/shrub cover,Grassland,Grassland,0.625740442,13.50804763,359.3140669,0.001741486,8.160237389,40.86,78.23,525.84,189.82,425.06,2.300283105,93.93939394
52561940,857,5256000,1940000,TRUE,Pine dominated coniferous woodland,Coniferous woodland,Woodland,Forest,0.562511147,8.09226562,215.2542655,0.00261324,6.658897952,38.15,23.65,198.12,126.91,443.71,1.962810954,77.77777778
52584068,255,5258000,4068000,TRUE,Spruce dominated mixed woodland,Mixed woodland,Woodland,Forest,0.952825112,13.84573991,368.2966816,0.002587113,7.606894266,27.75,16.57,219.11,137.91,487.58,0.834643817,63.63636364
52601984,738,5260000,1984000,FALSE,Spruce dominated coniferous woodland,Coniferous woodland,Woodland,Forest,1.203781898,11.32672419,301.2908635,0.003995415,9.140950792,13.71,2.46,74.26,173.26,542.07,1.518166667,65.78947368
53323834,696,5332000,3834000,TRUE,Pine dominated coniferous woodland,Coniferous woodland,Woodland,Forest,15.3847352,106.0124611,2819.931464,0.005455712,90.86120996,216.01,240.93,787.1,436.1,14490.38,1.397016129,56.25
53381850,621,5338000,1850000,FALSE,Broadleaved woodland,Broadleaved woodland,Woodland,Forest,1.461267606,34.47509129,917.0374283,0.001593466,15.30815109,61.86,38.02,412.17,93.83,451.09,1.769987973,90
53403912,746,5340000,3912000,FALSE,Spruce dominated coniferous woodland,Coniferous woodland,Woodland,Forest,1.675536796,9.342386982,248.5074937,0.006742399,8.064788257,54.69,17.4,232.41,191.52,980.96,0.67153413,66.66666667
53462624,770,5346000,2624000,FALSE,Maize,Cereals,Cropland,Agriculture,0.434218175,7.129755215,189.6514887,0.002289558,14.2406115,78.3,60.47,388.23,105.08,420.33,1.940168044,83.33333333
53641966,26,5364000,1966000,FALSE,Barley,Cereals,Cropland,Agriculture,0.437532947,6.125461255,162.9372694,0.002685285,6.181998022,51.31,48.74,346.51,112.13,442.36,1.531106838,60.86956522
53702216,742,5370000,2216000,TRUE,Broadleaved woodland,Broadleaved woodland,Woodland,Forest,0.847579425,9.051311145,240.7648764,0.003520362,11.27516779,14.69,8.98,144.78,89.01,187.63,1.121208571,58.82352941
53842676,752,5384000,2676000,TRUE,Lucerne,Fodder crops,Cropland,Agriculture,1.30518346,17.72471365,471.477383,0.002768284,15.14003295,55.87,41.5,379.27,116.17,280.61,2.254389241,87.17948718
53861912,93,5386000,1912000,TRUE,Durum wheat,Cereals,Cropland,Agriculture,0.627815025,9.559910607,254.2936221,0.002468859,17.58288467,49.29,36.16,437.41,84.64,319.27,1.992318015,55.26315789
53902268,702,5390000,2268000,FALSE,Grassland with sparse tree/shrub cover,Grassland with sparse tree/shrub cover,Grassland,Grassland,1.096372093,15.95658915,424.4452713,0.002583071,23.7804878,100.35,89.46,546.52,369.1,589.89,1.845827731,83.33333333
54102674,753,5410000,2674000,FALSE,Broadleaved woodland,Broadleaved woodland,Woodland,Forest,1.309201213,13.93124368,370.5710819,0.003532929,16.35656292,58.51,66.33,401.59,127.67,751.16,2.005656061,97.43589744
54202132,723,5420000,2132000,TRUE,Spontaneously re-vegetated surfaces,Spontaneously re-vegetated surfaces,Grassland,Grassland,0.373402915,3.933177374,104.6225181,0.003569049,6.9958159,12.19,12.63,141.77,39.7,201.63,1.019663408,33.33333333
54382628,789,5438000,2628000,TRUE,Grassland with sparse tree/shrub cover,Grassland with sparse tree/shrub cover,Grassland,Grassland,1.514006515,16.46181687,437.8843286,0.003457549,23.47956132,71.93,94.34,588.28,316.92,421.57,2.444124046,94.87179487
54382676,760,5438000,2676000,TRUE,Grassland without tree/shrub cover,Grassland without tree/shrub cover,Grassland,Grassland,1.355716878,11.82765342,314.6155811,0.004309122,17.88375559,42.44,38.16,304.83,144.47,383.41,2.144411232,89.47368421
54401670,387,5440000,1670000,TRUE,Spruce dominated mixed woodland,Mixed woodland,Woodland,Forest,1.322767075,16.86164623,448.5197898,0.002949183,5.306799337,34.55,12.67,265.27,269.44,478.85,0.801396774,25.80645161
54462696,751,5446000,2696000,FALSE,Grassland without tree/shrub cover,Grassland without tree/shrub cover,Grassland,Grassland,0.761619789,8.057716603,214.3352617,0.003553404,16.22660428,93.19,54.9,438.76,81.06,572.66,2.209181159,84.21052632
54482686,798,5448000,2686000,TRUE,Broadleaved woodland,Broadleaved woodland,Woodland,Forest,1.805934066,17.87692308,475.5261538,0.00379776,24.21718854,46.36,41.04,487.69,328.59,908.13,2.2270125,97.36842105
54642202,767,5464000,2202000,FALSE,Pine dominated coniferous woodland,Coniferous woodland,Woodland,Forest,0.757664485,7.671948559,204.0738317,0.003712698,3.554817276,29.68,12.51,168.09,75.18,373.25,1.129684061,80
54662028,465,5466000,2028000,TRUE,Broadleaved woodland,Broadleaved woodland,Woodland,Forest,0.995754891,8.221360896,218.6881998,0.004553309,9.925187032,19.31,3.3,63.38,128.58,520,1.083712082,56
54902386,731,5490000,2386000,FALSE,Sunflower,Non-permanent industrial crops,Cropland,Agriculture,0.653298351,27.94665167,743.3809345,0.00087882,10.81397292,26.48,44.31,353.35,92.48,150.85,1.605422566,45
54902668,817,5490000,2668000,FALSE,Grassland without tree/shrub cover,Grassland without tree/shrub cover,Grassland,Grassland,1.774425574,28.91042291,769.0172494,0.002307394,17.30006609,67.42,88.18,584.54,326.5,553.01,1.927404362,94.59459459
54982632,803,5498000,2632000,TRUE,Broadleaved woodland,Broadleaved woodland,Woodland,Forest,1.796392786,19.57181029,520.6101536,0.003450553,17.21964167,173.7,64.39,417.87,87.45,921.92,1.383111888,80.55555556
55162612,788,5516000,2612000,FALSE,Broadleaved woodland,Broadleaved woodland,Woodland,Forest,1.653666808,19.41006076,516.3076162,0.003202871,21.88741722,73.27,53.78,454.68,142.49,869.94,1.657688925,93.93939394
55282384,691,5528000,2384000,TRUE,Sunflower,Non-permanent industrial crops,Cropland,Agriculture,0.551756885,9.616334283,255.7944919,0.002157032,12.67208492,34.6,44.18,328.4,54.16,169.12,1.63,61.53846154
55362256,878,5536000,2256000,TRUE,Sunflower,Non-permanent industrial crops,Cropland,Agriculture,0.218191377,2.521322584,67.06718075,0.003253326,6.135877611,31.19,16.1,134.65,96.55,346.92,1.265267416,69.6969697
55382862,829,5538000,2862000,FALSE,Grassland without tree/shrub cover,Grassland without tree/shrub cover,Grassland,Grassland,0.482932506,8.424489268,224.0914145,0.002155069,14.33792989,43.13,85.94,541.08,106.1,424.63,1.806148148,57.89473684
55402180,739,5540000,2180000,FALSE,Spruce dominated mixed woodland,Mixed woodland,Woodland,Forest,1.293338527,15.89728607,422.8678094,0.003058494,13.61265354,70.92,28.57,212.65,107.97,634.36,1.325310078,64.28571429
55442260,870,5544000,2260000,TRUE,Sunflower,Non-permanent industrial crops,Cropland,Agriculture,0.454322386,6.214294702,165.3002391,0.002748468,12.55982835,64.61,66.32,484.67,99.34,492.82,1.655068922,55.88235294
55622354,733,5562000,2354000,FALSE,Sunflower,Non-permanent industrial crops,Cropland,Agriculture,0.391435578,10.96019619,291.5412186,0.001342642,11.67944019,29.38,45.94,366.69,79.48,271.57,2.038033457,79.48717949
55622854,814,5562000,2854000,TRUE,Grassland without tree/shrub cover,Grassland without tree/shrub cover,Grassland,Grassland,0.727934316,10.84157492,288.3858929,0.002524168,11.4214876,61.01,67.26,438.6,179.8,623.84,2.087715719,92.30769231
55742656,804,5574000,2656000,FALSE,Spruce dominated coniferous woodland,Coniferous woodland,Woodland,Forest,1.8892261,22.07095888,587.0875063,0.003217963,24.21554132,109.4,33.38,253.65,260.72,988.62,1.92350625,94.59459459
55782690,769,5578000,2690000,TRUE,Other mixed woodland,Mixed woodland,Woodland,Forest,2.165712978,22.29037919,592.9240864,0.003652597,27.56962865,60.62,16.29,200.41,122.96,1401.32,2.250484234,94.28571429
56102380,720,5610000,2380000,FALSE,Broadleaved woodland,Broadleaved woodland,Woodland,Forest,1.037690752,13.22547037,351.7975118,0.002949682,10.24752475,92.89,25.59,223.14,153.29,673.51,1.839933333,94.87179487
56162386,743,5616000,2386000,TRUE,Broadleaved woodland,Broadleaved woodland,Woodland,Forest,1.908618276,30.15063654,802.0069319,0.002379803,15.89303734,43.71,23.11,322.04,225.39,667.8,2.058759398,92.10526316
56702146,677,5670000,2146000,TRUE,Pine dominated mixed woodland,Mixed woodland,Woodland,Forest,0.575789109,5.613943809,149.3309053,0.003855793,4.788639366,26.38,18.28,211.11,295.32,659.94,1.377046841,40
56882134,636,5688000,2134000,FALSE,Broadleaved woodland,Broadleaved woodland,Woodland,Forest,0.968078576,6.963372212,185.2257008,0.005226481,18.99552461,76.71,54.66,531.65,180.73,519.35,1.752066489,57.89473684
57122348,869,5712000,2348000,TRUE,Broadleaved woodland,Broadleaved woodland,Woodland,Forest,0.857842248,17.75883953,472.3851315,0.001815981,8.479920345,39.11,9.66,159.11,393,867.02,1.635439349,80
57762538,825,5776000,2538000,FALSE,Sunflower,Non-permanent industrial crops,Cropland,Agriculture,0.396988485,10.58635961,281.5971656,0.001409774,5.948017328,27.21,24.47,319.37,120.48,238.42,1.489916488,35.8974359
57962548,805,5796000,2548000,TRUE,Common wheat,Cereals,Cropland,Agriculture,0.256219357,6.882755281,183.0812905,0.001399484,8.521594684,28.44,30.22,288.46,99.67,161.06,1.428813616,28.20512821
64141632,840,6414000,1632000,TRUE,Other fruit trees and berries,Permanent crops: fruit trees,Cropland,Agriculture,0.457015986,13.41563055,356.8557726,0.001280674,6.38510143,50.33,50.82,499.23,145.67,353.32,1.861730061,96.77419355
64601638,836,6460000,1638000,FALSE,Common wheat,Cereals,Cropland,Agriculture,0.201003287,28.18831805,749.8092602,0.000268073,4.398875475,127.59,59.31,515.92,117.66,142.06,1.381967583,30.55555556