LUCAS_ID,Pair.ID,LC,Bas,Cmic,Xylosidase,Cellulase,beta.glucosidase,N.actylglucosaminidase,Acid.phosphatase,MWD,WSA,Distance,PA
43942996,1,Grassland,2.770682148,750.7343977,71.17,86.47,500.76,239.36,722.55,2.547713333,100,84970.58314,TRUE
44322920,1,Grassland,1.137840376,773.9392801,77.54,120.84,637.91,200.97,696.45,2.0049941,78.78787879,84970.58314,FALSE
38742668,2,Grassland,2.856853614,779.2936492,621.52,217.92,1385.49,355.34,1957.71,1.127336032,58.33333333,10198.03903,TRUE
38842666,2,Grassland,1.338957908,349.3397614,190.76,105.19,581.31,531.83,1100.9,1.510459524,100,10198.03903,FALSE
50322994,3,Grassland,0.930303648,208.466952,86.59,17.64,168.53,57.17,796.79,1.292289298,80,38209.94635,FALSE
50702998,3,Grassland,1.802150974,373.342803,84.95,27.46,232.62,99.59,776.82,1.716199029,70.27027027,38209.94635,TRUE
27781794,4,Grassland,0,332.7720065,101.39,94.9,650.72,400.89,422.07,1.458854898,58.33333333,214895.3234,FALSE
29461660,4,Grassland,3.644265233,1094.667861,96.99,105.55,773.36,283.93,585.49,1.990370968,88.23529412,214895.3234,TRUE
36462652,5,Grassland,1.045137544,236.6620173,29.32,20.59,197.62,80.91,333.47,1.389941003,77.27272727,112445.5424,TRUE
37582662,5,Grassland,1.316299559,234.7205874,70,57.54,371.84,106.44,525.71,2.167227666,80,112445.5424,FALSE
29302338,6,Grassland,2.503568962,508.3582777,100.93,61.13,536.15,172.25,940.1,1.6177,88.23529412,84876.3807,TRUE
30002386,6,Grassland,4.200891862,1069.851802,85.38,96.2,999.6,416.08,1000.43,1.452863184,76.47058824,84876.3807,FALSE
30562338,7,Grassland,1.04534005,173.9660273,43.44,41.39,380.49,246.16,474.12,1.885845972,80,67675.69726,TRUE
31122376,7,Grassland,6.940141932,749.3304536,702.39,36.81,429.99,303.79,4393.53,1.164309322,65.71428571,67675.69726,FALSE
31122376,8,Grassland,6.940141932,749.3304536,702.39,36.81,429.99,303.79,4393.53,1.164309322,65.71428571,65145.9899,FALSE
31322314,8,Grassland,0.51207474,871.7560374,125.1,104.7,883.07,366.83,1113.87,1.45790625,75,65145.9899,TRUE
41941786,9,Grassland,0.679117752,112.5760702,14.47,13.49,160.81,61.2,144.65,1.025750559,77.77777778,178044.9381,FALSE
42401958,9,Grassland,0.263492063,268.0592593,98.07,62.37,495.43,289.39,674.45,1.513338028,41.66666667,178044.9381,TRUE
33081892,10,Grassland,0.47209385,358.417585,79.78,33.91,393.41,46.42,77.57,1.670655807,31.25,65969.69001,FALSE
33241828,10,Grassland,0.61405672,285.1952322,41.76,34.36,331.52,68.58,150.51,0.903387097,36,65969.69001,TRUE
51443008,11,Grassland,1.189066918,369.0071002,104.32,75.59,470.76,171.14,769.58,2.317621818,97.36842105,80000,TRUE
51922944,11,Grassland,1.180171406,427.16816,42.56,53.5,485.43,106.4,495.57,2.396165094,92.10526316,80000,FALSE
51722996,12,Grassland,2.473971453,954.6742233,89.38,81.1,653.57,147.35,852.97,1.939437743,97.43589744,55713.55311,TRUE
51922944,12,Grassland,1.180171406,427.16816,42.56,53.5,485.43,106.4,495.57,2.396165094,92.10526316,55713.55311,FALSE
46482614,13,Grassland,1.127908952,55.00435989,83.79,44.16,384.92,133.23,714.31,1.810254573,80.64516129,62289.64601,FALSE
46942572,13,Grassland,5.321254355,1456.481301,62.54,74.16,668.73,232.68,1534.81,1.847690476,97.22222222,62289.64601,TRUE
50863206,14,Grassland,0.778903904,295.5888388,64.64,43.28,373.46,104.28,493.7,0.962563202,66.66666667,62513.99843,FALSE
50943268,14,Grassland,0.665648272,248.7305709,73.19,78.5,501.97,115.65,562.9,1.65409126,60.60606061,62513.99843,TRUE
48942888,15,Grassland,1.162376987,424.7911935,103,131.88,723.2,427.2,922.08,2.295690625,97.2972973,122588.7434,TRUE
50022946,15,Grassland,2.497313561,514.0303747,180.62,105.35,601.4,169.23,1450.75,1.720866492,94.87179487,122588.7434,FALSE
40383202,16,Grassland,0.859088433,245.8902004,11.82,5.27,77.43,35.11,142.59,1.390876457,43.24324324,41617.30409,TRUE
40723226,16,Grassland,0.928065598,238.6366008,69.4,61.34,388.71,90.58,704.79,0.647652878,14.28571429,41617.30409,FALSE
42223056,17,Grassland,1.452031603,444.3841234,116.23,117.75,670.54,197.23,765.07,1.341648607,47.05882353,40249.2236,FALSE
42583038,17,Grassland,1.682776981,361.7120623,72.1,94.91,525.43,137.68,633.69,1.616649852,74.35897436,40249.2236,TRUE
42223056,18,Grassland,1.452031603,444.3841234,116.23,117.75,670.54,197.23,765.07,1.341648607,47.05882353,48083.26112,FALSE
42683042,18,Grassland,2.41489118,714.8584956,230.12,122.6,773.11,219.56,1151.42,1.50637,86.48648649,48083.26112,TRUE
42223056,19,Grassland,1.452031603,444.3841234,116.23,117.75,670.54,197.23,765.07,1.341648607,47.05882353,106075.4448,FALSE
43283052,19,Grassland,3.353003384,849.8722504,215.23,179.06,1057.71,294.03,1444.43,1.535666,94.59459459,106075.4448,TRUE
43022764,20,Grassland,1.969776876,583.6712644,86.63,92.85,527.35,140.04,747.47,1.475756757,59.45945946,50990.19514,TRUE
43122714,20,Grassland,3.139006236,692.8521424,103.16,105.3,711.65,171.02,1123.62,1.8606875,84.84848485,50990.19514,FALSE
31721688,21,Grassland,1.392067877,625.8627993,65.38,46.2,556.05,106.73,263.57,1.922668478,42.85714286,76550.63684,TRUE
32361730,21,Grassland,0.8000378,176.6462546,50.99,17.17,270.07,52.68,92.29,1.183764463,37.5,76550.63684,FALSE
43663228,22,Grassland,1.175399555,571.7143435,56.15,83.94,532.67,126.64,401.72,1.977200472,83.78378378,164596.4763,FALSE
45123304,22,Grassland,3.700966635,449.7752832,81.89,98.18,692.33,165.6,967.72,1.257468912,63.88888889,164596.4763,TRUE
47182946,23,Grassland,0.860995851,288.5713693,61.96,65.99,471.25,148.43,545.99,1.469734884,83.33333333,112160.5991,FALSE
47903032,23,Grassland,1.804778973,518.7582636,108.04,23.03,239.93,107.53,1292.63,1.215415301,81.81818182,112160.5991,TRUE
47182946,24,Grassland,0.860995851,288.5713693,61.96,65.99,471.25,148.43,545.99,1.469734884,83.33333333,148606.8639,FALSE
48483018,24,Grassland,2.876416739,761.9187736,135.69,223.25,954.52,401.89,971.38,1.399494444,88.88888889,148606.8639,TRUE
52383540,25,Grassland,1.062950938,128.7617845,41.35,17.65,160.76,55.96,411.3,0.45703125,72.4137931,72111.02551,TRUE
52423612,25,Grassland,0.625740442,359.3140669,40.86,78.23,525.84,189.82,425.06,2.300283105,93.93939394,72111.02551,FALSE
37682420,26,Grassland,1.908263146,487.4951059,269.17,150.52,826.64,251.94,1311.29,1.310320988,74.07407407,36878.17783,TRUE
37922448,26,Grassland,1.558380598,568.5383663,137.86,153.22,1025.96,154.27,924.22,1.599657895,84.21052632,36878.17783,FALSE
37922448,27,Grassland,1.558380598,568.5383663,137.86,153.22,1025.96,154.27,924.22,1.599657895,84.21052632,98081.59868,FALSE
38842482,27,Grassland,3.722067393,663.7756946,324.43,87.41,521.56,212.48,1461.02,1.490283019,95,98081.59868,TRUE
31063480,28,Grassland,0.501510574,205.3341627,64.44,29.75,183.25,82.24,489.9,0.605251852,76.19047619,218220.0724,FALSE
31783686,28,Grassland,0.826022853,168.182332,17.71,2.95,60.46,83.94,533.14,1.340978648,66.66666667,218220.0724,TRUE
30902056,29,Grassland,0.929851775,443.9446168,33.52,27.47,407.88,136.6,383.27,0.820070776,58.33333333,11661.90379,TRUE
30962066,29,Grassland,2.476072094,376.580761,178.9,50.6,455.37,427.77,1174.04,1.043444206,84.21052632,11661.90379,FALSE
30962066,30,Grassland,2.476072094,376.580761,178.9,50.6,455.37,427.77,1174.04,1.043444206,84.21052632,16492.4225,FALSE
31122070,30,Grassland,0.803617099,181.4961637,112.03,34.86,369.52,253.17,739.6,1.289148837,62.5,16492.4225,TRUE
30962066,31,Grassland,2.476072094,376.580761,178.9,50.6,455.37,427.77,1174.04,1.043444206,84.21052632,25612.49695,FALSE
31162082,31,Grassland,1.458771353,111.2120018,44.31,23.06,266.87,101.19,226.33,1.747469052,54.54545455,25612.49695,TRUE
34003734,32,Grassland,2.906282183,913.2849296,106.53,43.51,344.52,166.13,1078.89,1.703059055,93.93939394,50990.19514,TRUE
34383700,32,Grassland,7.221941992,1361.894283,214.42,85.07,610.02,279.31,2248.31,1.501221429,92.59259259,50990.19514,FALSE
45762134,33,Grassland,1.32618862,362.8042349,22.68,26.69,280.28,245.57,311.58,1.292704981,71.42857143,504067.4558,FALSE
47361656,33,Grassland,1.125314739,253.7209633,65.9,69.28,555.76,447.5,607.93,2.135802846,85.71428571,504067.4558,TRUE
33363162,34,Grassland,3.757279345,604.3492569,104.35,44.31,374.5,101.05,985.39,1.894217703,88.57142857,264620.483,TRUE
34862944,34,Grassland,1.146197754,668.0448045,42.65,38.31,311.28,245.73,554.36,1.860355183,100,264620.483,FALSE
34902982,35,Grassland,1.846496107,298.793845,88.19,45.83,317.49,226.66,870.77,1.046679032,67.64705882,35777.08764,TRUE
35062950,35,Grassland,0.981641659,517.0370109,117.37,79.47,486.1,151.12,807.1,1.598174267,70.27027027,35777.08764,FALSE
41622476,36,Grassland,1.081041968,247.9990352,45.84,26.41,190.26,75.54,600.9,1.826609971,68.42105263,65513.35742,FALSE
42182510,36,Grassland,1.103164557,173.8914205,71.5,38.44,364.43,100.11,870.84,0.978126866,55.55555556,65513.35742,TRUE
34242272,37,Grassland,2.412289807,640.1413051,146.09,57.42,410.93,201.08,1167.88,1.658939655,92.10526316,52000,TRUE
34442320,37,Grassland,1.358342189,401.9869642,157.05,81.21,397.68,322.96,550.9,2.218837778,91.66666667,52000,FALSE
37222482,38,Grassland,2.310106593,687.1229109,189.18,171.43,762.22,211.77,1037.38,1.689878521,75,16124.5155,FALSE
37382484,38,Grassland,3.340616375,915.6852193,254.54,87.01,490.14,132.66,1224.65,0.960645161,42.42424242,16124.5155,TRUE
28282190,39,Grassland,1.398137138,317.9418681,99.31,51.88,411.69,153.22,923.08,1.268095142,65,45254.834,TRUE
28602222,39,Grassland,0.460723297,132.455621,31.86,19.95,160.54,97.47,332.91,1.193621101,40,45254.834,FALSE
34382156,40,Grassland,1.092528068,368.9638663,102.37,44.91,426.23,85.36,116.76,2.182822835,41.93548387,66753.27707,TRUE
35042146,40,Grassland,0.97808875,654.4942,81.68,101.91,591.1,197.67,274.82,1.511100775,87.5,66753.27707,FALSE
35002236,41,Grassland,3.103001017,724.3290946,979.28,239.96,1129.66,354.06,2247.16,1.513550802,79.31034483,90088.84504,TRUE
35042146,41,Grassland,0.97808875,654.4942,81.68,101.91,591.1,197.67,274.82,1.511100775,87.5,90088.84504,FALSE
53902268,42,Grassland,1.096372093,424.4452713,100.35,89.46,546.52,369.1,589.89,1.845827731,83.33333333,139269.5229,FALSE
54202132,42,Grassland,0.373402915,104.6225181,12.19,12.63,141.77,39.7,201.63,1.019663408,33.33333333,139269.5229,TRUE
54382676,43,Grassland,1.355716878,314.6155811,42.44,38.16,304.83,144.47,383.41,2.144411232,89.47368421,21540.65923,TRUE
54462696,43,Grassland,0.761619789,214.3352617,93.19,54.9,438.76,81.06,572.66,2.209181159,84.21052632,21540.65923,FALSE
50882638,44,Grassland,0.986517651,73.11028325,12.86,7.15,26.21,22.08,37.57,1.263151142,10.81081081,169198.1087,TRUE
52362556,44,Grassland,0.609586394,247.4920758,14.87,19.76,207.89,92.85,229.52,2.141107029,83.33333333,169198.1087,FALSE
52042676,45,Grassland,1.410320957,385.9520313,72.78,115.17,535.31,283.64,1145.99,1.626866071,78.94736842,124193.3976,TRUE
52362556,45,Grassland,0.609586394,247.4920758,14.87,19.76,207.89,92.85,229.52,2.141107029,83.33333333,124193.3976,FALSE
54382628,46,Grassland,1.514006515,437.8843286,71.93,94.34,588.28,316.92,421.57,2.444124046,94.87179487,65604.87787,TRUE
54902668,46,Grassland,1.774425574,769.0172494,67.42,88.18,584.54,326.5,553.01,1.927404362,94.59459459,65604.87787,FALSE
55382862,47,Grassland,0.482932506,224.0914145,43.13,85.94,541.08,106.1,424.63,1.806148148,57.89473684,25298.22128,FALSE
55622854,47,Grassland,0.727934316,288.3858929,61.01,67.26,438.6,179.8,623.84,2.087715719,92.30769231,25298.22128,TRUE
33863294,48,Grassland,9.239524703,1198.940796,321.83,46.86,389.17,320.34,2835.22,1.129949495,84.375,141322.3266,TRUE
34503420,48,Grassland,2.938892062,439.9068469,56.96,40.71,425.13,160.8,606.59,1.862301136,78.78787879,141322.3266,FALSE
34503420,49,Grassland,2.938892062,439.9068469,56.96,40.71,425.13,160.8,606.59,1.862301136,78.78787879,127310.6437,FALSE
35423508,49,Grassland,1.444790855,550.659392,46.71,7.91,130.85,83.5,1097.2,1.206405512,85.71428571,127310.6437,TRUE
49803394,50,Forest,0.478629579,151.0310945,93.97,29.42,236.37,116.42,432.32,0.578540373,68.18181818,88543.77448,TRUE
50083478,50,Forest,0.893907732,102.9194663,37.82,8.53,92.4,41.29,342.96,1.387734581,66.66666667,88543.77448,FALSE
50083478,51,Forest,0.893907732,102.9194663,37.82,8.53,92.4,41.29,342.96,1.387734581,66.66666667,100019.998,FALSE
51083476,51,Forest,0.701811907,82.54644809,9.15,3.17,40.2,38.66,220.77,0.300063604,13.79310345,100019.998,TRUE
50083478,52,Forest,0.893907732,102.9194663,37.82,8.53,92.4,41.29,342.96,1.387734581,66.66666667,149893.2954,FALSE
51363400,52,Forest,1.222954634,176.9207703,25.97,19.33,229.54,82,292.65,0.414555249,7.894736842,149893.2954,TRUE
33062044,53,Forest,0.618085106,302.7243499,36.62,31.12,280.57,103.94,110.08,1.668992405,75.75757576,72138.75519,TRUE
33581994,53,Forest,1.360430464,266.836755,23.92,33.13,343.43,169.69,285.95,1.96764791,21.73913043,72138.75519,FALSE
31542332,54,Forest,3.046626984,454.1175926,98.73,29.09,355.31,148.51,1494.8,2.069612595,81.25,74242.84477,TRUE
32202298,54,Forest,1.605474453,257.8452555,17.68,30.06,309.66,329.13,232.79,0.746562081,44.44444444,74242.84477,FALSE
32202298,55,Forest,1.605474453,257.8452555,17.68,30.06,309.66,329.13,232.79,0.746562081,44.44444444,42941.82111,FALSE
32402336,55,Forest,2.149893843,335.935598,183.95,129.75,771.53,710.94,1302.27,1.155021583,62.85714286,42941.82111,TRUE
39023026,56,Forest,1.138322884,136.978187,70.65,7.52,109.52,98.19,943.52,1.730593074,78.37837838,213354.1657,TRUE
40102842,56,Forest,1.883007117,851.168446,96.11,135.14,897.82,581.26,1425.43,2.173452663,97.43589744,213354.1657,FALSE
40002866,57,Forest,3.345522543,785.9333749,70.52,74.51,457,236.39,505.78,2.148685083,94.87179487,26000,TRUE
40102842,57,Forest,1.883007117,851.168446,96.11,135.14,897.82,581.26,1425.43,2.173452663,97.43589744,26000,FALSE
49704436,58,Forest,1.109465318,260.5544316,61.79,35.67,308.83,278.71,895.27,0.795521226,68.18181818,40049.96879,FALSE
49724396,58,Forest,0.584908903,74.63057179,48.8,8.9,115.39,119.77,426.31,0.597842043,52.63157895,40049.96879,TRUE
41102514,59,Forest,1.112903226,145.8709677,21.81,10.53,166.45,165.95,206.69,1.616659389,50,91301.69768,FALSE
41902558,59,Forest,1.994279176,478.5531401,115.73,171.84,963.98,248.75,1248.44,0.583019444,37.14285714,91301.69768,TRUE
52364076,60,Forest,1.268222176,398.13036,70.27,114.64,854.72,264.68,981.04,1.325077586,70.96774194,23409.39982,FALSE
52584068,60,Forest,0.952825112,368.2966816,27.75,16.57,219.11,137.91,487.58,0.834643817,63.63636364,23409.39982,TRUE
46162668,61,Forest,4.990790899,609.9555796,312.61,80.51,711.92,537.53,1810.57,1.38526699,72.22222222,34058.77273,FALSE
46422690,61,Forest,13.37333736,1583.991939,276.78,72.93,847.26,184.07,2921.7,1.236928571,87.5,34058.77273,TRUE
46282880,62,Forest,0.485466147,200.8751034,28.05,6.94,98.72,74.14,506.28,1.084786026,63.33333333,45122.05669,TRUE
46382836,62,Forest,3.044657097,491.013468,337.87,65.69,682.63,205.27,1967.9,1.539879167,75,45122.05669,FALSE
37802362,63,Forest,2.078597573,820.8541707,40.34,24.86,350.32,321.12,864.81,2.234610169,96.15384615,60000,TRUE
38282398,63,Forest,2.633008501,425.7213353,56.54,9.5,140.82,386.06,2034.99,1.253095628,56,60000,FALSE
38022398,64,Forest,1.894487511,543.5511054,66.53,114.41,927.43,462.59,1047.47,2.283625767,94.28571429,26000,TRUE
38282398,64,Forest,2.633008501,425.7213353,56.54,9.5,140.82,386.06,2034.99,1.253095628,56,26000,FALSE
40783218,65,Forest,0.821156773,107.8136733,51.01,8.84,93.61,140.13,717.98,0.411281818,60,60959.00262,TRUE
41243258,65,Forest,2.47146402,219.1364764,404.16,46.74,375.59,322.95,1550.95,1.190389474,53.84615385,60959.00262,FALSE
41243258,66,Forest,2.47146402,219.1364764,404.16,46.74,375.59,322.95,1550.95,1.190389474,53.84615385,80224.68448,FALSE
41303178,66,Forest,0.521337521,61.18049141,162.4,11.18,126.27,36.21,709.88,0.453416223,36.66666667,80224.68448,TRUE
31722110,67,Forest,0.500088605,864.6531987,177.89,233.22,1228.95,391.36,1152.13,1.998108407,94.28571429,51224.9939,TRUE
32122142,67,Forest,0.70029347,307.7637564,62.86,17.19,305.89,102.36,210.1,1.483444056,85.71428571,51224.9939,FALSE
39942574,68,Forest,12.42932752,2190.386883,120.41,57.99,817.39,885.44,2385.9,1.461911765,70,66241.98065,TRUE
40262632,68,Forest,4.979570727,812.6287389,74.42,58.59,562.81,371.44,1234.58,1.804913333,92.85714286,66241.98065,FALSE
40262620,69,Forest,4.883453562,1529.59994,34.41,16.33,257.45,306.56,1454.32,2.212819149,97.14285714,12000,TRUE
40262632,69,Forest,4.979570727,812.6287389,74.42,58.59,562.81,371.44,1234.58,1.804913333,92.85714286,12000,FALSE
40602702,70,Forest,1.67222007,463.344311,51.97,26.87,252.16,108.26,696.51,1.935497788,94.59459459,84095.18417,FALSE
40962778,70,Forest,1.402664933,193.7296068,86.2,7.52,98.65,127.86,910.67,1.58590597,69.23076923,84095.18417,TRUE
30182092,71,Forest,0,116.8937704,49.05,21.08,279.01,136.04,301.98,1.274020619,50,106301.4581,FALSE
31222070,71,Forest,0.542203885,421.2924188,162.55,101.75,631.12,279.51,788.37,1.103635227,53.33333333,106301.4581,TRUE
41883154,72,Forest,0.88795045,176.8008008,53.35,5.94,105.72,96.16,1046.54,1.758911523,89.18918919,60000,TRUE
42483154,72,Forest,0.891632115,105.41073,39.77,4.35,81.98,65.71,506.85,1.385355337,50,60000,FALSE
42183148,73,Forest,2.315527682,257.8313149,190.23,22.73,238.62,74.72,2501.44,1.259645946,59.375,30594.11708,TRUE
42483154,73,Forest,0.891632115,105.41073,39.77,4.35,81.98,65.71,506.85,1.385355337,50,30594.11708,FALSE
32522074,74,Forest,0.281546811,374.4572592,79.39,23.51,421.21,117.46,218.92,0.926471459,57.14285714,74215.90126,TRUE
32702146,74,Forest,2.29327018,463.3170186,106.4,54.58,571.33,158.83,1008.3,0.976258364,68.42105263,74215.90126,FALSE
32702146,75,Forest,2.29327018,463.3170186,106.4,54.58,571.33,158.83,1008.3,0.976258364,68.42105263,80448.74144,FALSE
33162080,75,Forest,0.454558911,245.0932504,64.49,14.91,306.63,31.52,215.72,1.157590054,24,80448.74144,TRUE
46163088,76,Forest,0.81372549,60.87683824,165.82,16.15,126.06,33.67,275.2,0.539962291,38.46153846,100319.4896,TRUE
47083048,76,Forest,0.34646098,430.0735632,41.56,111.3,562.11,115.15,383.8,2.073904839,90.32258065,100319.4896,FALSE
47083048,77,Forest,0.34646098,430.0735632,41.56,111.3,562.11,115.15,383.8,2.073904839,90.32258065,118152.4439,FALSE
48263042,77,Forest,2.426786135,397.379706,40.52,13.7,227.38,259.21,1093.7,1.59942,94.73684211,118152.4439,TRUE
31141720,78,Forest,0.314054054,525.0983784,24.81,22.4,342.1,132.84,320.83,2.199375,100,61773.78085,FALSE
31441666,78,Forest,0.593361702,236.7513191,45.02,30.16,406.82,381.2,540.74,1.257342417,17.64705882,61773.78085,TRUE
31141720,79,Forest,0.314054054,525.0983784,24.81,22.4,342.1,132.84,320.83,2.199375,100,122800.6515,FALSE
32201782,79,Forest,1.957699805,763.1901235,63.19,82.35,651.09,317.43,627.54,2.057539267,78.94736842,122800.6515,TRUE
32902338,80,Forest,2.119148936,267.7544681,222.94,54.77,578.06,248,2553.46,1.806706122,88.88888889,83450.58418,FALSE
33502280,80,Forest,4.836220472,889.080315,60.46,16.78,254.63,683.06,2250.3,2.098816327,97.2972973,83450.58418,TRUE
47262412,81,Forest,5.854292343,990.3511214,21.04,7.6,138.05,350.76,1606.09,1.770171598,91.89189189,79924.96481,TRUE
47942370,81,Forest,1.018001978,607.0904055,57.16,50.51,354.56,147.16,386.96,2.177023474,94.59459459,79924.96481,FALSE
37202358,82,Forest,0.914936616,342.0744687,49.37,12.58,142.04,117.08,707.25,1.889296552,82.14285714,40249.2236,FALSE
37562340,82,Forest,0.983186855,424.6310024,110.37,114.22,647.72,318.76,888.32,1.966205882,97.14285714,40249.2236,TRUE
53381850,83,Forest,1.461267606,917.0374283,61.86,38.02,412.17,93.83,451.09,1.769987973,90,206891.2758,FALSE
54401670,83,Forest,1.322767075,448.5197898,34.55,12.67,265.27,269.44,478.85,0.801396774,25.80645161,206891.2758,TRUE
56702146,84,Forest,0.575789109,149.3309053,26.38,18.28,211.11,295.32,659.94,1.377046841,40,21633.30765,TRUE
56882134,84,Forest,0.968078576,185.2257008,76.71,54.66,531.65,180.73,519.35,1.752066489,57.89473684,21633.30765,FALSE
47282676,85,Forest,0.880917003,153.0916295,50.67,4.81,81.61,49.27,676.55,1.608282369,83.78378378,92649.87858,TRUE
47502586,85,Forest,2.274708675,171.5166163,77.84,8.51,117.09,68.27,765.54,1.047576389,82.60869565,92649.87858,FALSE
47362636,86,Forest,1.834166026,349.2996413,109.77,24.73,245.2,197.33,1311.2,1.185206573,55.88235294,51923.01994,TRUE
47502586,86,Forest,2.274708675,171.5166163,77.84,8.51,117.09,68.27,765.54,1.047576389,82.60869565,51923.01994,FALSE
47502586,87,Forest,2.274708675,171.5166163,77.84,8.51,117.09,68.27,765.54,1.047576389,82.60869565,142688.4719,FALSE
47642728,87,Forest,4.450017295,636.4003228,627.19,67.07,634.25,424.14,2991.51,1.572347561,89.28571429,142688.4719,TRUE
37342800,88,Forest,0.784389219,88.86839342,37.7,6.99,99.62,139.31,1035.87,1.050509284,76,176181.7244,TRUE
38462664,88,Forest,1.016387538,462.526082,32.45,60.14,502.22,139.43,484.87,1.057820402,76,176181.7244,FALSE
28102114,89,Forest,0.369015048,88.09051528,36.39,7.15,101.32,74.54,487.12,1.45787931,33.33333333,42755.11665,FALSE
28522106,89,Forest,2.717001056,662.1068638,72.65,44.47,422,277.99,1024.17,0.482816327,16.21621622,42755.11665,TRUE
28102114,90,Forest,0.369015048,88.09051528,36.39,7.15,101.32,74.54,487.12,1.45787931,33.33333333,105603.0303,FALSE
28542018,90,Forest,0.828205555,132.1816065,26.97,15.79,193.27,123.66,233.24,1.668287024,26.66666667,105603.0303,TRUE
56102380,91,Forest,1.037690752,351.7975118,92.89,25.59,223.14,153.29,673.51,1.839933333,94.87179487,8485.281374,FALSE
56162386,91,Forest,1.908618276,802.0069319,43.71,23.11,322.04,225.39,667.8,2.058759398,92.10526316,8485.281374,TRUE
56102380,92,Forest,1.037690752,351.7975118,92.89,25.59,223.14,153.29,673.51,1.839933333,94.87179487,106901.8241,FALSE
57122348,92,Forest,0.857842248,472.3851315,39.11,9.66,159.11,393,867.02,1.635439349,80,106901.8241,TRUE
48941830,93,Forest,1.886363636,578.0656566,53.64,28.12,271.07,620.12,1044.5,1.44023065,65,397079.3372,TRUE
52601984,93,Forest,1.203781898,301.2908635,13.71,2.46,74.26,173.26,542.07,1.518166667,65.78947368,397079.3372,FALSE
52561940,94,Forest,0.562511147,215.2542655,38.15,23.65,198.12,126.91,443.71,1.962810954,77.77777778,44181.44407,TRUE
52601984,94,Forest,1.203781898,301.2908635,13.71,2.46,74.26,173.26,542.07,1.518166667,65.78947368,44181.44407,FALSE
54662028,95,Forest,0.995754891,218.6881998,19.31,3.3,63.38,128.58,520,1.083712082,56,169056.2037,TRUE
55402180,95,Forest,1.293338527,422.8678094,70.92,28.57,212.65,107.97,634.36,1.325310078,64.28571429,169056.2037,FALSE
53323834,96,Forest,15.3847352,2819.931464,216.01,240.93,787.1,436.1,14490.38,1.397016129,56.25,78409.18314,TRUE
53403912,96,Forest,1.675536796,248.5074937,54.69,17.4,232.41,191.52,980.96,0.67153413,66.66666667,78409.18314,FALSE
54102674,97,Forest,1.309201213,370.5710819,58.51,66.33,401.59,127.67,751.16,2.005656061,97.43589744,39849.71769,FALSE
54482686,97,Forest,1.805934066,475.5261538,46.36,41.04,487.69,328.59,908.13,2.2270125,97.36842105,39849.71769,TRUE
53702216,98,Forest,0.847579425,240.7648764,14.69,8.98,144.78,89.01,187.63,1.121208571,58.82352941,95036.83496,TRUE
54642202,98,Forest,0.757664485,204.0738317,29.68,12.51,168.09,75.18,373.25,1.129684061,80,95036.83496,FALSE
54982632,99,Forest,1.796392786,520.6101536,173.7,64.39,417.87,87.45,921.92,1.383111888,80.55555556,26907.24809,TRUE
55162612,99,Forest,1.653666808,516.3076162,73.27,53.78,454.68,142.49,869.94,1.657688925,93.93939394,26907.24809,FALSE
55742656,100,Forest,1.8892261,587.0875063,109.4,33.38,253.65,260.72,988.62,1.92350625,94.59459459,34234.48554,FALSE
55782690,100,Forest,2.165712978,592.9240864,60.62,16.29,200.41,122.96,1401.32,2.250484234,94.28571429,34234.48554,TRUE
42763084,101,Forest,0.460791117,79.16007402,73.63,14.49,147.79,133.83,516.13,0.863536765,57.14285714,18000,TRUE
42943084,101,Forest,0.458088996,67.2722778,37.03,6.62,86.98,39.93,753.24,1.302596341,74.28571429,18000,FALSE
51363072,102,Forest,0.87416016,228.5175232,34.03,30.88,228.12,78.55,408.96,1.436727494,73.52941176,114856.4321,FALSE
51503186,102,Forest,0.518659955,56.20737141,46.11,16.29,171.43,80.28,397.7,0.526225,53.84615385,114856.4321,TRUE
35282092,103,Agriculture,0.865671642,178.6567164,26.85,55.39,429.41,88.98,121.5,1.52835446,28.20512821,12000,FALSE
35402092,103,Agriculture,0.461031071,479.0400972,63.2,39.81,409.31,73.66,90.53,1.421406725,39.47368421,12000,TRUE
53641966,104,Agriculture,0.437532947,162.9372694,51.31,48.74,346.51,112.13,442.36,1.531106838,60.86956522,58309.51895,FALSE
53861912,104,Agriculture,0.627815025,254.2936221,49.29,36.16,437.41,84.64,319.27,1.992318015,55.26315789,58309.51895,TRUE
35642110,105,Agriculture,1.031444172,295.1493127,58.64,107.44,553.66,129.73,172.78,1.573590331,69.6969697,11661.90379,FALSE
35702100,105,Agriculture,0,520.4584899,87.07,68.16,462.68,117.08,135.12,1.425803672,44.82758621,11661.90379,TRUE
36442800,106,Agriculture,1.234659725,311.9985125,30.34,24.18,214.08,111.86,443.99,1.814854015,79.48717949,33286.63395,FALSE
36722782,106,Agriculture,0.652026424,282.4953877,40.94,64.62,476.4,139.91,499.78,1.315709574,73.68421053,33286.63395,TRUE
40783066,107,Agriculture,0.43147448,420.831443,55.84,162.74,824.89,132.49,476.93,2.129839655,73.68421053,108240.473,TRUE
41823036,107,Agriculture,0.554177795,401.5202849,63.49,107.44,652.59,115.76,456.63,1.729514381,55.26315789,108240.473,FALSE
40903100,108,Agriculture,0.260460251,206.5642724,19,24.93,236.34,55.92,207.72,1.655662252,46.15384615,112071.4058,TRUE
41823036,108,Agriculture,0.554177795,401.5202849,63.49,107.44,652.59,115.76,456.63,1.729514381,55.26315789,112071.4058,FALSE
42462906,109,Agriculture,0.647081194,198.7117957,37.55,21.56,190.59,44.25,239.46,1.191339744,58.97435897,70455.65982,TRUE
43162914,109,Agriculture,0.85461285,193.9857221,57.05,57.78,397.88,78.1,570.91,2.205791045,66.66666667,70455.65982,FALSE
38562344,110,Agriculture,1.090747647,243.0893269,51.47,28.23,315.21,54.01,97.42,2.187369501,33.33333333,131041.978,FALSE
39822308,110,Agriculture,0.668969488,288.1028593,36.84,38.83,314.22,57.28,88.42,2.033508803,55,131041.978,TRUE
45502846,111,Agriculture,1.271737124,286.656698,36.5,42.14,299.37,80.87,211.01,1.045405567,40,103227.9032,TRUE
46342786,111,Agriculture,0.930749557,160.7094236,27.02,32.58,306.35,61.8,311.28,2.030133431,43.58974359,103227.9032,FALSE
52224014,112,Agriculture,0.940029707,250.047902,34.32,51.7,345.86,70.6,304.1,0.96349,46.875,56320.51136,FALSE
52283958,112,Agriculture,0.200448508,190.4260825,28.47,30.54,283.99,64.12,252.55,0.578036412,72,56320.51136,TRUE
40963282,113,Agriculture,0.380868337,75.33380398,21.81,41.82,299.42,58.97,229.93,0.40329668,2.631578947,24166.09195,FALSE
41183292,113,Agriculture,1.073107663,217.977433,73.65,50.95,477.39,110.77,795.46,0.694178977,34.28571429,24166.09195,TRUE
51323464,114,Agriculture,0.208962739,172.5753609,12.08,28.93,206.25,66.61,106.35,0.624116317,50,95036.83496,FALSE
52263450,114,Agriculture,0.693634424,105.9932432,29.2,12.94,140.37,24.94,285.5,0.911491543,48.48484848,95036.83496,TRUE
34882068,115,Agriculture,0.226004084,127.7488087,16.02,6.02,106.99,19.58,32.98,0.850488536,13.51351351,46000,TRUE
35342068,115,Agriculture,0.320575843,161.5022238,44,24.1,332.39,68.16,73.95,1.631156061,90.47619048,46000,FALSE
39482532,116,Agriculture,0.786800215,234.2982174,64.13,58.3,357.6,71.93,160.32,0.945895105,47.61904762,108406.6419,FALSE
40022438,116,Agriculture,0.668885774,609.8396403,85.4,87.95,602.95,179.53,788.7,1.137966245,58.62068966,108406.6419,TRUE
29901692,117,Agriculture,0.379328529,165.581766,38.01,12.26,196.42,23.5,61.76,1.236505222,30.76923077,17888.54382,FALSE
30061684,117,Agriculture,0.170857227,519.4059697,120.7,51.86,490.67,80.88,93.29,1.529427835,58.06451613,17888.54382,TRUE
48282902,118,Agriculture,0.595633219,268.0250214,65.99,97.01,506.78,122.29,233.91,1.392992915,51.28205128,16492.4225,FALSE
48442898,118,Agriculture,0.138947728,21.37148389,18.4,7.01,81.78,76.98,254.57,0.488113815,44,16492.4225,TRUE
41062772,119,Agriculture,0.358878783,230.4249292,77.96,59.71,409.19,141.73,568.17,1.404187003,73.33333333,48826.22246,TRUE
41342812,119,Agriculture,0.324679943,387.3333333,49.94,91.1,577.57,121.01,382.76,2.224374439,82.85714286,48826.22246,FALSE
38922830,120,Agriculture,0.439929329,457.6829211,112.4,78.43,478.44,98.23,184.94,2.204820158,74.07407407,17088.00749,FALSE
38982814,120,Agriculture,0.362032998,235.8671218,34.76,59.16,424.4,69.59,252.2,1.852738426,60.52631579,17088.00749,TRUE
35462962,121,Agriculture,0.724746974,181.0988953,59.61,40.72,327.76,85.9,440.86,1.778992647,80.55555556,80993.82693,FALSE
35742886,121,Agriculture,0.671038448,222.1286382,33.83,27.62,200.29,64.41,341.27,1.271592998,33.33333333,80993.82693,TRUE
41763142,122,Agriculture,0.85775076,380.2695035,51.17,62.02,435.65,127.51,441.1,1.916493802,76,96747.09298,TRUE
42603190,122,Agriculture,0.410745847,162.5868976,26.65,34.21,303.85,81.72,260.21,1.538013514,44.73684211,96747.09298,FALSE
30922224,123,Agriculture,0.859375,336.65625,28.82,58.59,549.77,127.91,255.57,1.877658635,41.66666667,38470.76812,TRUE
30982262,123,Agriculture,0.311083348,186.5117497,39.84,33.04,310.72,77.71,122.59,2.048968293,27.77777778,38470.76812,FALSE
27162028,124,Agriculture,0.672559853,679.0103131,131.68,41.36,547.52,189.45,313.99,2.180097973,96.77419355,163975.6079,TRUE
27982170,124,Agriculture,1.55985717,475.7772349,97.86,57.61,522.14,149.44,958.03,1.122381041,30,163975.6079,FALSE
32281848,125,Agriculture,0.251727043,278.9974726,77.69,35.95,449.99,68.73,206.14,1.214595287,64.70588235,4000,TRUE
32281852,125,Agriculture,0.131167691,250.6954639,56.03,22.53,238.37,81.07,141.1,1.743542394,37.93103448,4000,FALSE
38942726,126,Agriculture,2.150939664,216.9219914,25.1,19.65,184.91,36.92,264.04,2.186645923,22.72727273,22803.5085,FALSE
39082708,126,Agriculture,0.543371522,598.2218585,79.53,93.48,548.56,139.92,615.15,2.583038793,97.36842105,22803.5085,TRUE
38942726,127,Agriculture,2.150939664,216.9219914,25.1,19.65,184.91,36.92,264.04,2.186645923,22.72727273,20591.26028,FALSE
39122716,127,Agriculture,0.414309484,945.597461,88.9,70.89,516.54,102.55,380.6,1.441879397,85.71428571,20591.26028,TRUE
29281750,128,Agriculture,0,380.8063546,26.8,28.74,381.23,69.52,149.9,1.892093511,37.83783784,90000,FALSE
29281840,128,Agriculture,0,309.9855616,19.98,17.34,211.55,63.13,110.9,1.498666667,63.63636364,90000,TRUE
32882938,129,Agriculture,1.095028681,246.2492033,12.48,26.62,243.97,61.45,210.94,1.249654688,63.15789474,273890.4891,FALSE
33343208,129,Agriculture,0.887403943,140.1543602,26.7,56.39,346.3,102.02,218.85,0.600618337,57.14285714,273890.4891,TRUE
50063158,130,Agriculture,0.859335951,88.01773176,26.97,18.63,172.37,33.02,317.41,0.42892298,22.58064516,78587.53082,FALSE
50263082,130,Agriculture,0,187.5797879,29.74,65.2,454.24,83.62,233.42,1.556092784,46.15384615,78587.53082,TRUE
36662908,131,Agriculture,1.473193047,232.9670021,27.79,39.35,281.62,85.08,258.33,1.760309451,48.64864865,53141.32102,FALSE
37162926,131,Agriculture,0.938218671,228.0518417,26.82,51.7,386.52,70.64,323.24,1.83761985,53.84615385,53141.32102,TRUE
39383058,132,Agriculture,0.872372372,261.0574324,36.47,41.13,261.85,76.61,252.25,1.567307958,30,40447.49683,FALSE
39783064,132,Agriculture,0.547940899,174.6713822,17.57,28.44,236.61,42.36,244.01,1.525738347,43.58974359,40447.49683,TRUE
37362918,133,Agriculture,0.841848234,366.3079138,43.14,71.27,434.25,130.18,316.99,1.788737082,58.97435897,34176.01498,TRUE
37682906,133,Agriculture,0.703525332,241.0107237,36.39,67.25,427.08,86.89,274.06,1.290314241,42.5,34176.01498,FALSE
46503360,134,Agriculture,0.595515695,176.888012,35.78,70.99,405.54,71.22,374.71,1.185606838,53.84615385,43081.31846,FALSE
46903344,134,Agriculture,0.280452779,63.41037337,12.3,5.81,96.26,46.06,346.44,0.479347345,60,43081.31846,TRUE
54902386,135,Agriculture,0.653298351,743.3809345,26.48,44.31,353.35,92.48,150.85,1.605422566,45,38052.59518,FALSE
55282384,135,Agriculture,0.551756885,255.7944919,34.6,44.18,328.4,54.16,169.12,1.63,61.53846154,38052.59518,TRUE
55362256,136,Agriculture,0.218191377,67.06718075,31.19,16.1,134.65,96.55,346.92,1.265267416,69.6969697,101390.3348,TRUE
55622354,136,Agriculture,0.391435578,291.5412186,29.38,45.94,366.69,79.48,271.57,2.038033457,79.48717949,101390.3348,FALSE
55442260,137,Agriculture,0.454322386,165.3002391,64.61,66.32,484.67,99.34,492.82,1.655068922,55.88235294,95707.88891,TRUE
55622354,137,Agriculture,0.391435578,291.5412186,29.38,45.94,366.69,79.48,271.57,2.038033457,79.48717949,95707.88891,FALSE
46323328,138,Agriculture,0.325896841,161.5559522,26.79,58.64,384.09,85.31,225.55,1.207218213,59.375,18439.08891,FALSE
46503324,138,Agriculture,0.194607268,75.18327472,20.19,12.49,124.91,48.99,227.94,0.524720565,5.714285714,18439.08891,TRUE
53462624,139,Agriculture,0.434218175,189.6514887,78.3,60.47,388.23,105.08,420.33,1.940168044,83.33333333,64404.96875,FALSE
53842676,139,Agriculture,1.30518346,471.477383,55.87,41.5,379.27,116.17,280.61,2.254389241,87.17948718,64404.96875,TRUE
57762538,140,Agriculture,0.396988485,281.5971656,27.21,24.47,319.37,120.48,238.42,1.489916488,35.8974359,22360.67978,FALSE
57962548,140,Agriculture,0.256219357,183.0812905,28.44,30.22,288.46,99.67,161.06,1.428813616,28.20512821,22360.67978,TRUE
64141632,141,Agriculture,0.457015986,356.8557726,50.33,50.82,499.23,145.67,353.32,1.861730061,96.77419355,46389.65402,TRUE
64601638,141,Agriculture,0.201003287,749.8092602,127.59,59.31,515.92,117.66,142.06,1.381967583,30.55555556,46389.65402,FALSE